config,traffic,obs_mode,degradation
C11,bursty,delay_10,0.9543953918710759
C11,bursty,delay_2,0.5767287692318934
C11,bursty,delay_5,1.3124384856229012
C11,bursty,noise_delay,1.0055529090272772
C11,bursty,noise_high,0.7423832461749473
C11,bursty,noise_low,0.3944991422420472
C11,cyclical,delay_10,1.1486111637944765
C11,cyclical,delay_2,0.6906650401477084
C11,cyclical,delay_5,1.0692176927248713
C11,cyclical,noise_delay,1.118817041267958
C11,cyclical,noise_high,0.7179958109708569
C11,cyclical,noise_low,0.1601291296504499
C11,steady,delay_10,2.4773136901349515
C11,steady,delay_2,1.5612074708155435
C11,steady,delay_5,2.4758963531991265
C11,steady,noise_delay,0.3869050942013601
C11,steady,noise_high,-0.08669034595099401
C11,steady,noise_low,-0.33732132639872603
C12,bursty,delay_10,0.8431035480492355
C12,bursty,delay_2,0.6040909235933967
C12,bursty,delay_5,0.8023064115152678
C12,bursty,noise_delay,0.7951763067253119
C12,bursty,noise_high,0.2870090117086268
C12,bursty,noise_low,0.09514879708200707
C12,cyclical,delay_10,1.0444473854309146
C12,cyclical,delay_2,0.6695120987959138
C12,cyclical,delay_5,0.9289874930535533
C12,cyclical,noise_delay,0.944038113229658
C12,cyclical,noise_high,0.31980207165919206
C12,cyclical,noise_low,0.09388915298569289
C12,steady,delay_10,1.2822873747682113
C12,steady,delay_2,0.7643183364832504
C12,steady,delay_5,1.0417707463126638
C12,steady,noise_delay,1.0634260763240588
C12,steady,noise_high,0.3662698375962856
C12,steady,noise_low,0.13226228414179575
C13,bursty,delay_10,-0.5146684954328329
C13,bursty,delay_2,-0.6639891629480745
C13,bursty,delay_5,-0.6043847956790116
C13,bursty,noise_delay,-0.5823424578177843
C13,bursty,noise_high,0.589876344113593
C13,bursty,noise_low,0.3944991422420472
C13,cyclical,delay_10,-0.6169925761130628
C13,cyclical,delay_2,-0.9659036848084384
C13,cyclical,delay_5,-0.7919998715301277
C13,cyclical,noise_delay,-0.740964552309979
C13,cyclical,noise_high,0.32661292878530457
C13,cyclical,noise_low,0.1601291296504499
C13,steady,delay_10,-2.103607243816932
C13,steady,delay_2,-2.4745555963711787
C13,steady,delay_5,-2.280084425875774
C13,steady,noise_delay,-2.2629962228744
C13,steady,noise_high,-0.5906190043014998
C13,steady,noise_low,-0.33732132639872603
C2,bursty,delay_10,2.1754628806643783
C2,bursty,delay_2,0.9525802940560197
C2,bursty,delay_5,1.6920387968295838
C2,bursty,noise_delay,1.7032130215496704
C2,bursty,noise_high,0.3806738498264677
C2,bursty,noise_low,0.1208104176298459
C2,cyclical,delay_10,2.7358167949680765
C2,cyclical,delay_2,1.0845233620019186
C2,cyclical,delay_5,2.101444297905053
C2,cyclical,noise_delay,2.030018143745837
C2,cyclical,noise_high,0.4483149863183642
C2,cyclical,noise_low,0.14244472666639085
C2,steady,delay_10,3.2949049429068067
C2,steady,delay_2,1.1975329377801316
C2,steady,delay_5,2.4312689127219818
C2,steady,noise_delay,2.352981060306864
C2,steady,noise_high,0.5425765826371887
C2,steady,noise_low,0.16814927260169643
C3,bursty,delay_10,2.605713987649237
C3,bursty,delay_2,1.2729143459666012
C3,bursty,delay_5,2.1904859273460477
C3,bursty,noise_delay,1.9690448061412296
C3,bursty,noise_high,0.27800859170801484
C3,bursty,noise_low,0.11956445724286979
C3,cyclical,delay_10,3.091527964240238
C3,cyclical,delay_2,1.4083682289520167
C3,cyclical,delay_5,2.474812308010308
C3,cyclical,noise_delay,2.2455626695171222
C3,cyclical,noise_high,0.31448720185595125
C3,cyclical,noise_low,0.12131426307233584
C3,steady,delay_10,3.7409445807911847
C3,steady,delay_2,1.5663901790736174
C3,steady,delay_5,2.9324507701340092
C3,steady,noise_delay,2.6867331357842463
C3,steady,noise_high,0.37044698355802064
C3,steady,noise_low,0.1188978887401877
C6,bursty,delay_10,2.637402103436644
C6,bursty,delay_2,2.659763994750344
C6,bursty,delay_5,2.3667089887690533
C6,bursty,noise_delay,2.1466477104523634
C6,bursty,noise_high,1.689311431714164
C6,bursty,noise_low,1.1625590611075367
C6,cyclical,delay_10,2.9563936434705997
C6,cyclical,delay_2,2.3303084120792565
C6,cyclical,delay_5,2.5701401234063477
C6,cyclical,noise_delay,2.6743933605466346
C6,cyclical,noise_high,1.0759110461582884
C6,cyclical,noise_low,0.7485436381118742
C6,steady,delay_10,1.757476723243907
C6,steady,delay_2,1.2878775353516492
C6,steady,delay_5,1.4672601118471507
C6,steady,noise_delay,1.4577992109438584
C6,steady,noise_high,-0.01618470463867805
C6,steady,noise_low,-0.19985866937076313
C8,bursty,delay_10,2.44490574973472
C8,bursty,delay_2,0.644784966300314
C8,bursty,delay_5,1.2671178729905614
C8,bursty,noise_delay,1.6353666552423078
C8,bursty,noise_high,1.689311431714164
C8,bursty,noise_low,1.1625590611075367
C8,cyclical,delay_10,1.1457796867052412
C8,cyclical,delay_2,0.5526475964446433
C8,cyclical,delay_5,1.1226043735095077
C8,cyclical,noise_delay,1.3171288143507027
C8,cyclical,noise_high,1.0759110461582884
C8,cyclical,noise_low,0.7485436381118742
C8,steady,delay_10,0.683225482984013
C8,steady,delay_2,-0.12586160532299573
C8,steady,delay_5,0.2053108410539357
C8,steady,noise_delay,0.9067657929418349
C8,steady,noise_high,-0.01618470463867805
C8,steady,noise_low,-0.19985866937076313
