config,traffic,obs_mode,avg_response_time_mean,avg_response_time_std,drops_mean,drops_std,drop_rate_mean,drop_rate_std,load_balance_variance_mean,load_balance_variance_std,completion_rate_within_bound_mean,completion_rate_within_bound_std,convergence_step_mean,convergence_step_std
C1,bursty,delay_10,2.2242353167499673,0.024359412719055108,0.8,0.4472135954999579,7.771609491930153e-05,4.3464372312323796e-05,0.01021790491999992,0.0009944510024357154,0.9280274261670606,0.004589325737076042,,
C1,bursty,delay_2,2.2242353167499673,0.024359412719055108,0.8,0.4472135954999579,7.771609491930153e-05,4.3464372312323796e-05,0.01021790491999992,0.0009944510024357154,0.9280274261670606,0.004589325737076042,,
C1,bursty,delay_5,2.2242353167499673,0.024359412719055108,0.8,0.4472135954999579,7.771609491930153e-05,4.3464372312323796e-05,0.01021790491999992,0.0009944510024357154,0.9280274261670606,0.004589325737076042,,
C1,bursty,full,2.2242353167499673,0.024359412719055108,0.8,0.4472135954999579,7.771609491930153e-05,4.3464372312323796e-05,0.01021790491999992,0.0009944510024357154,0.9280274261670606,0.004589325737076042,,
C1,bursty,noise_delay,2.2242353167499673,0.024359412719055108,0.8,0.4472135954999579,7.771609491930153e-05,4.3464372312323796e-05,0.01021790491999992,0.0009944510024357154,0.9280274261670606,0.004589325737076042,,
C1,bursty,noise_high,2.2242353167499673,0.024359412719055108,0.8,0.4472135954999579,7.771609491930153e-05,4.3464372312323796e-05,0.01021790491999992,0.0009944510024357154,0.9280274261670606,0.004589325737076042,,
C1,bursty,noise_low,2.2242353167499673,0.024359412719055108,0.8,0.4472135954999579,7.771609491930153e-05,4.3464372312323796e-05,0.01021790491999992,0.0009944510024357154,0.9280274261670606,0.004589325737076042,,
C1,cyclical,delay_10,2.255020522932516,0.016014595693036072,1.4,0.8944271909999159,0.00011208610397873577,7.206777910649368e-05,0.01648692983999994,0.00047920577404129456,0.9251993795400966,0.0033533966071925114,,
C1,cyclical,delay_2,2.255020522932516,0.016014595693036072,1.4,0.8944271909999159,0.00011208610397873577,7.206777910649368e-05,0.01648692983999994,0.00047920577404129456,0.9251993795400966,0.0033533966071925114,,
C1,cyclical,delay_5,2.255020522932516,0.016014595693036072,1.4,0.8944271909999159,0.00011208610397873577,7.206777910649368e-05,0.01648692983999994,0.00047920577404129456,0.9251993795400966,0.0033533966071925114,,
C1,cyclical,full,2.255020522932516,0.016014595693036072,1.4,0.8944271909999159,0.00011208610397873577,7.206777910649368e-05,0.01648692983999994,0.00047920577404129456,0.9251993795400966,0.0033533966071925114,,
C1,cyclical,noise_delay,2.255020522932516,0.016014595693036072,1.4,0.8944271909999159,0.00011208610397873577,7.206777910649368e-05,0.01648692983999994,0.00047920577404129456,0.9251993795400966,0.0033533966071925114,,
C1,cyclical,noise_high,2.255020522932516,0.016014595693036072,1.4,0.8944271909999159,0.00011208610397873577,7.206777910649368e-05,0.01648692983999994,0.00047920577404129456,0.9251993795400966,0.0033533966071925114,,
C1,cyclical,noise_low,2.255020522932516,0.016014595693036072,1.4,0.8944271909999159,0.00011208610397873577,7.206777910649368e-05,0.01648692983999994,0.00047920577404129456,0.9251993795400966,0.0033533966071925114,,
C1,steady,delay_10,2.3063833376481293,0.02135211022522361,4.4,1.816590212458495,0.00027515256087563996,0.0001134834841291221,0.03115174148,0.0023850081091267667,0.9197369277182303,0.0015639616109940817,,
C1,steady,delay_2,2.3063833376481293,0.02135211022522361,4.4,1.816590212458495,0.00027515256087563996,0.0001134834841291221,0.03115174148,0.0023850081091267667,0.9197369277182303,0.0015639616109940817,,
C1,steady,delay_5,2.3063833376481293,0.02135211022522361,4.4,1.816590212458495,0.00027515256087563996,0.0001134834841291221,0.03115174148,0.0023850081091267667,0.9197369277182303,0.0015639616109940817,,
C1,steady,full,2.3063833376481293,0.02135211022522361,4.4,1.816590212458495,0.00027515256087563996,0.0001134834841291221,0.03115174148,0.0023850081091267667,0.9197369277182303,0.0015639616109940817,,
C1,steady,noise_delay,2.3063833376481293,0.02135211022522361,4.4,1.816590212458495,0.00027515256087563996,0.0001134834841291221,0.03115174148,0.0023850081091267667,0.9197369277182303,0.0015639616109940817,,
C1,steady,noise_high,2.3063833376481293,0.02135211022522361,4.4,1.816590212458495,0.00027515256087563996,0.0001134834841291221,0.03115174148,0.0023850081091267667,0.9197369277182303,0.0015639616109940817,,
C1,steady,noise_low,2.3063833376481293,0.02135211022522361,4.4,1.816590212458495,0.00027515256087563996,0.0001134834841291221,0.03115174148,0.0023850081091267667,0.9197369277182303,0.0015639616109940817,,
C11,bursty,delay_10,1.5479370259741976,0.22031371272130754,26.4,36.260170986910694,0.00256799279525696,0.0035288064321301244,0.00555588019999996,0.007656640157116127,0.9827894207110676,0.019213549716422078,13318.4,10516.664147913063
C11,bursty,delay_2,1.2793289120196096,0.01158986629475314,0.0,0.0,0.0,0.0,0.00180565667999996,0.0004442671999881432,0.9980036277582623,0.0014450996961597106,13523.8,8639.356035029463
C11,bursty,delay_5,1.421999574526946,0.13938181725844864,3.0,4.242640687119285,0.00028951859725148005,0.0004113967183609151,0.00380830923999998,0.003348796637192487,0.992966490543526,0.006989948952843589,13717.0,11303.177473613337
C11,bursty,noise_delay,1.7349672179520514,0.7847222976826753,74.4,140.5820045382765,0.0070162759147797795,0.01322813928858972,0.025123463479999934,0.04291252378426597,0.969619049653331,0.062046576842005846,18286.2,13020.470851701177
C11,bursty,noise_high,1.2491062536777027,0.0717878033538988,0.0,0.0,0.0,0.0,0.00148561507999998,0.001319769832569992,0.9982308285606809,0.0013329229354342425,9072.6,7269.869689341068
C11,bursty,noise_low,1.212377441154004,0.11443981406940781,0.0,0.0,0.0,0.0,0.00126828303999998,0.0018348921657830113,0.9981233548995643,0.002072266474346114,19618.8,13469.999821826279
C11,cyclical,delay_10,1.8273835381649253,0.8070898909108454,75.0,167.14664220378464,0.006016774135764125,0.013409317772580674,0.024854813759999938,0.047869215355293857,0.9537646726737774,0.0699521595102905,12618.2,10832.280586284682
C11,cyclical,delay_2,1.4415104761687572,0.24712815623938844,0.0,0.0,0.0,0.0,0.00486333551999994,0.004963928899083057,0.9888771240083767,0.017716167090350052,15268.4,11714.360900194257
C11,cyclical,delay_5,1.9668245477108717,0.8805153600185932,156.2,272.8134894025587,0.0124488916452864,0.021725790110438896,0.07156273335999999,0.11044964964827009,0.9429094233585411,0.07970003337846074,20965.6,9365.489778970452
C11,cyclical,noise_delay,1.3715079807828494,0.07469972404798465,0.0,0.0,0.0,0.0,0.0040584324800000005,0.0023217772639699597,0.9946766901961954,0.004392367543193747,28548.0,23340.642118416537
C11,cyclical,noise_high,1.312559745028196,0.11446916211269852,0.0,0.0,0.0,0.0,0.0023969724399999803,0.003189100657403328,0.9944737160504669,0.0053159318365624455,25876.8,8015.9209514565455
C11,cyclical,noise_low,1.1676554654448215,0.019899196077422555,0.0,0.0,0.0,0.0,0.00071102735999992,7.142899140367693e-05,0.9991220760014603,0.0010788912998920222,27034.6,7596.129033922475
C11,steady,delay_10,1.3841365726813912,0.07977551246222374,1.4,1.1401754250991378,8.739616167531177e-05,7.092661623743053e-05,0.006800031319999999,0.0015326810978236382,0.9955281651349107,0.004948281660212689,18631.0,7233.199983409832
C11,steady,delay_2,1.2968351131316034,0.0038237229302048024,0.0,0.0,0.0,0.0,0.00572618675999996,0.0011959285354254114,0.998622188041946,0.0009498591868572849,28650.8,4453.825905892596
C11,steady,delay_5,1.5137709306534612,0.100620190034734,0.4,0.8944271909999159,2.5032855623000003e-05,5.5975166843965854e-05,0.01208670431999998,0.004531515567867878,0.9901241339313163,0.006277724938103713,17138.6,11951.608732718789
C11,steady,noise_delay,1.3717072519953866,0.10171334334757587,1.0,2.23606797749979,6.252344629234001e-05,0.00013980667609722944,0.006617527439999981,0.006907814509622119,0.996539560806864,0.0050866668196116,24944.4,9657.522006187715
C11,steady,noise_high,1.2897494641145535,0.10949215371723178,0.0,0.0,0.0,0.0,0.0036567416,0.0031488740397463758,0.9928612720408078,0.008135182713987691,23948.8,9387.967788611122
C11,steady,noise_low,1.1788154468317156,0.03341355503192703,0.2,0.447213595499958,1.2412337863836652e-05,2.7754831223233282e-05,0.00133052059999996,0.000292590792084859,0.9985681468095642,0.002091274725052901,36527.8,4647.280839372633
C12,bursty,delay_10,8.170370734190167,0.06563660305962901,2957.0,45.62893818619935,0.2826303961587306,0.002514375241244552,1.10205824788,0.018575523989073254,0.40844288081248886,0.007205270703631725,,
C12,bursty,delay_2,4.3454938890306,0.02909901266063775,0.0,0.0,0.0,0.0,0.36501898284,0.011013679043608523,0.720636730101188,0.004295468382382904,,
C12,bursty,delay_5,7.04623813150304,0.08459975547699282,1723.0,63.831810251629214,0.16615626637407915,0.003838734670087668,0.9887996937199999,0.04068269691773476,0.5056034107032723,0.008781155744178818,,
C12,bursty,noise_delay,7.026965957224389,0.13455819222272855,1646.0,20.83266665599966,0.1590424968025442,0.002476068675172138,0.9951198728799999,0.03505912877212273,0.5092573813601794,0.01086095439240488,,
C12,bursty,noise_high,3.3535402109685437,0.022662611265879613,0.0,0.0,0.0,0.0,0.16747472603999997,0.0056209011123438506,0.8152631358243541,0.003993525496726377,,
C12,bursty,noise_low,2.6488998669662087,0.023219888719464978,0.0,0.0,0.0,0.0,0.06866702659999993,0.0014343230595187865,0.8876463688741613,0.0019921486586743217,,
C12,cyclical,delay_10,8.270242373514042,0.16862724332903445,4063.4,117.83165958264361,0.3251562978674253,0.007879981095484977,1.4131680815200003,0.04051403673131797,0.41511336676825616,0.008843215829329709,,
C12,cyclical,delay_2,4.222126208150567,0.04751698367899312,0.0,0.0,0.0,0.0,0.46115626,0.012449718644323222,0.7351829234082634,0.004276977580809472,,
C12,cyclical,delay_5,6.765041091088193,0.05148406439766313,2287.8,34.54272716506326,0.18299115448384895,0.0025133275366654275,1.2169505307200001,0.01640999853834443,0.5344463865446327,0.004228121816803298,,
C12,cyclical,noise_delay,6.67136967802349,0.06069724903597149,2148.4,50.919544381308086,0.17196490462573916,0.0039815762986571595,1.20635232828,0.01782915558608615,0.5401610854865333,0.003756436976618556,,
C12,cyclical,noise_high,3.270465722045759,0.01765669093414704,0.0,0.0,0.0,0.0,0.21537657911999997,0.0037010672186487824,0.82247652287156,0.0024222830712278083,,
C12,cyclical,noise_low,2.583200530621384,0.01894353054461167,0.0,0.0,0.0,0.0,0.08871981875999999,0.0019465136260752203,0.8926493764297538,0.002912175900354989,,
C12,steady,delay_10,7.858658559392472,0.08013940569151491,5789.4,105.1204071529406,0.3608896685214312,0.005880342215354165,1.81001243876,0.010642481143327689,0.45791725069241185,0.007321443777687672,,
C12,steady,delay_2,4.007228745660164,0.02832151866034052,0.0,0.0,0.0,0.0,0.6022749283600001,0.008408970825944507,0.7566943472420976,0.0029645972601171928,,
C12,steady,delay_5,6.375580871375267,0.07173226712602347,3220.8,49.615521764867104,0.20128971732913964,0.003808953454581927,1.5882683517199998,0.011432618710714758,0.5810191347288073,0.0020236697183630263,,
C12,steady,noise_delay,6.226228994041209,0.04923418329601044,2978.8,66.20573993242577,0.1858591861874321,0.0036938742251841216,1.5522018828,0.01609958386719217,0.5896963888654756,0.004831748535490832,,
C12,steady,noise_high,3.151060573069315,0.015928205173466825,0.0,0.0,0.0,0.0,0.28675806571999995,0.0014323522713352915,0.835224833034415,0.002807328874113014,,
C12,steady,noise_low,2.485736969038567,0.010811138598469586,0.0,0.0,0.0,0.0,0.11548053807999999,0.0008106559495288038,0.902437182812117,0.0018405894279831753,,
C13,bursty,delay_10,5.053166225785284,0.05483854163102943,1285.2,36.79266231193388,0.12460141101616609,0.003189611040016763,0.5014843372800001,0.012457737071804288,0.6651524793798729,0.006640389707615741,13318.4,10516.664147913063
C13,bursty,delay_2,1.735850892689116,0.2492885045761827,0.0,0.0,0.0,0.0,0.013937695760000002,0.014002320084488928,0.9534610911219252,0.026012730807447478,13523.8,8639.356035029463
C13,bursty,delay_5,3.7742024757949117,0.25406776526132097,450.6,75.63597027869741,0.0428791379270955,0.0070362508597653925,0.25786836388,0.06815442521328482,0.7776217105712304,0.03008564522790595,13717.0,11303.177473613337
C13,bursty,noise_delay,3.9410221941100128,0.3066374958748914,513.6,90.6631126754426,0.04919580751027996,0.008229924747564175,0.28709928232,0.08037073065881345,0.7645456744586185,0.03170102977567788,18286.2,13020.470851701177
C13,bursty,noise_high,1.2502865621457908,0.07204619502246312,0.0,0.0,0.0,0.0,0.00147714703999994,0.0013089237349169255,0.9981892989828717,0.0013546337334249998,9072.6,7269.869689341068
C13,bursty,noise_low,1.212377441154004,0.11443981406940781,0.0,0.0,0.0,0.0,0.00126828303999998,0.0018348921657830113,0.9981233548995643,0.002072266474346114,19618.8,13469.999821826279
C13,cyclical,delay_10,5.635512910964674,0.2085311392697431,2251.2,128.7116933304818,0.17967159943610317,0.010324977404564516,0.79345658868,0.06018967915938717,0.6295978190368228,0.0153862198828729,12618.2,10832.280586284682
C13,cyclical,delay_2,2.1014010839419948,0.6614467300604648,6.8,15.20526224699857,0.0005435217009032,0.001215351470465864,0.042282876920000004,0.048426365725622596,0.930820934068293,0.05174544917032448,15268.4,11714.360900194257
C13,cyclical,delay_5,4.1318143340453,0.23149433324811824,837.6,62.69609238222106,0.06704780807192841,0.0048903989921947905,0.43422021795999993,0.09095385031714927,0.7533517214408018,0.025806139752744282,20965.6,9365.489778970452
C13,cyclical,noise_delay,4.342136530239431,0.24921139305594692,971.6,74.62774283066588,0.07751201886602578,0.005841510643584345,0.49128711975999995,0.10239446480688758,0.7359916234448325,0.027119441111351162,28548.0,23340.642118416537
C13,cyclical,noise_high,1.3185706797520829,0.11558145477365447,0.0,0.0,0.0,0.0,0.00241539468,0.0031818090188959285,0.9939986870072997,0.005252057698633616,25876.8,8015.9209514565455
C13,cyclical,noise_low,1.1676554654448215,0.019899196077422555,0.0,0.0,0.0,0.0,0.00071102735999992,7.142899140367693e-05,0.9991220760014603,0.0010788912998920222,27034.6,7596.129033922475
C13,steady,delay_10,6.028741750283208,0.6250770924595416,3405.2,933.9875266833063,0.21294459012175201,0.05868512159426639,1.43124737372,0.252253951974949,0.5956279358435032,0.05505277561936542,18631.0,7233.199983409832
C13,steady,delay_2,1.9298621093127135,0.4338999128388627,0.0,0.0,0.0,0.0,0.056798214319999964,0.06210852124062712,0.938507743275447,0.0421797276567439,28650.8,4453.825905892596
C13,steady,delay_5,4.72637755670349,0.3187376001642261,1299.4,155.0074191772768,0.08126552896668579,0.009785588746553827,0.9601649719199997,0.12378885493818689,0.701407732214828,0.024502526440861334,17138.6,11951.608732718789
C13,steady,noise_delay,4.993999487730813,0.12475246105962319,1651.0,75.61084578286375,0.10313478069763271,0.005099434503166894,1.0978603446800002,0.09536702644785701,0.6837725033597007,0.014865966500825256,24944.4,9657.522006187715
C13,steady,noise_high,1.29506094878371,0.10658935210002733,0.0,0.0,0.0,0.0,0.0037000839199999996,0.003162261003451358,0.9925744916253068,0.007872065684361506,23948.8,9387.967788611122
C13,steady,noise_low,1.1788154468317156,0.03341355503192703,0.2,0.447213595499958,1.2412337863836652e-05,2.7754831223233282e-05,0.00133052059999996,0.000292590792084859,0.9985681468095642,0.002091274725052901,36527.8,4647.280839372633
C2,bursty,delay_10,2.401729600831307,0.04368785506581445,5.8,2.3874672772626644,0.00055742962247356,0.00022203473135691803,0.01046545791999998,0.0008158201852556653,0.9105514288065925,0.003578383173924641,,
C2,bursty,delay_2,2.2012823023055033,0.03958725663808776,0.0,0.0,0.0,0.0,0.0068993773199999605,0.0009072688027034759,0.9303272628735767,0.003219531266637414,,
C2,bursty,delay_5,2.326129584211196,0.014671669658094433,1.6,1.51657508881031,0.00015636881442750665,0.00015071774103698563,0.00869254635999996,0.00024408459732957544,0.9177700707841195,0.0018804109972693698,,
C2,bursty,full,1.9903456147822194,0.009381032315048724,0.0,0.0,0.0,0.0,0.00458023191999998,0.0001595975742132701,0.9500528343204202,0.0014681776561408975,,
C2,bursty,noise_delay,2.3354417941665733,0.013551816771149054,2.8,1.0954451150103321,0.0002692220853416,0.00010498535521592167,0.009334364119999999,0.000502058911142559,0.9187427171603509,0.000715359578840432,,
C2,bursty,noise_high,2.057876256890897,0.011749202365499936,0.0,0.0,0.0,0.0,0.00555573371999998,0.0001682355338490221,0.94416891969868,0.001760919526988729,,
C2,bursty,noise_low,2.0050942925729185,0.011549294332971801,0.0,0.0,0.0,0.0,0.00481663627999998,0.000331630514662917,0.9488963870896197,0.0016322533592097663,,
C2,cyclical,delay_10,2.4356800657951405,0.04515931323953397,13.0,4.183300132670378,0.0010373165418895401,0.0003333019654408477,0.01574108843999994,0.0009253501512491639,0.9088712938833637,0.004749601660054939,,
C2,cyclical,delay_2,2.1888419200970555,0.009923836075193787,0.0,0.0,0.0,0.0,0.00933194171999998,0.000510300574066495,0.9315875745623824,0.0019521181782499232,,
C2,cyclical,delay_5,2.3458386969928613,0.03734927091557415,3.2,1.9235384061671346,0.0002549796837492227,0.00015273872844043238,0.012657552079999959,0.000853105298807516,0.9153117114729993,0.002906104800526178,,
C2,cyclical,full,1.9754181977125955,0.01424528899221562,0.0,0.0,0.0,0.0,0.00640701351999996,0.00026525704654772084,0.9513473317238959,0.001227111607529997,,
C2,cyclical,noise_delay,2.362958112853871,0.02241140170605816,3.8,1.3038404810405297,0.00030388927546696,0.00010463809127497125,0.01342392219999998,0.00044594950618178904,0.914789922468319,0.002518932264572134,,
C2,cyclical,noise_high,2.051022219392163,0.010545912176326505,0.0,0.0,0.0,0.0,0.007922743879999961,0.00041313054803650604,0.9447239412325882,0.0013427865618937972,,
C2,cyclical,noise_low,2.000399916993891,0.012011254853161225,0.0,0.0,0.0,0.0,0.00670644495999996,0.00023386225927405377,0.9500061148614387,0.002112402480818474,,
C2,steady,delay_10,2.4880435181024936,0.02167872657896147,22.8,4.43846820423443,0.0014224619002962998,0.000276598083926822,0.026415086759999977,0.0013113240813550876,0.9027272269085846,0.0018728972850873805,,
C2,steady,delay_2,2.2156232763039676,0.02263407543743919,0.0,0.0,0.0,0.0,0.01530096347999998,0.0009057295321846756,0.9297764524135591,0.0025833972327587566,,
C2,steady,delay_5,2.388284870867417,0.035125198038627056,5.4,2.0736441353327724,0.00033687404081248,0.000129108357686742,0.02120439499999994,0.0014363137220479846,0.9120801818430821,0.003896972654327144,,
C2,steady,full,1.9636014008239833,0.018021867546763357,0.0,0.0,0.0,0.0,0.00966544839999998,0.0006056690615795436,0.9528150695898503,0.0011652284753788855,,
C2,steady,noise_delay,2.4092068789231904,0.024752999993847422,3.2,1.4832396974191326,0.00019982746582269451,9.302977826167736e-05,0.02251908923999994,0.0011835846472784872,0.9099878719040257,0.0032823902879167846,,
C2,steady,noise_high,2.049739481302071,0.014224333698697762,0.0,0.0,0.0,0.0,0.01228189339999996,0.0005715475236092762,0.9441347677178538,0.001185188353805918,,
C2,steady,noise_low,1.9919590484980003,0.008243424682998025,0.0,0.0,0.0,0.0,0.01053691967999998,0.0005340147081193159,0.9501830499623182,0.0017962104691205641,,
C3,bursty,delay_10,4.470548442304593,0.07691446025157747,926.4,36.267064948793426,0.08912521032742024,0.0031117300419573474,0.20570826059999994,0.010271107415846428,0.7349803161232196,0.009019933653869027,,
C3,bursty,delay_2,3.23519504159641,0.02741728400050495,0.0,0.0,0.0,0.0,0.10241560591999996,0.0012756427963421773,0.8413664400487271,0.003449276757842665,,
C3,bursty,delay_5,4.001271038985739,0.05160806673617192,258.6,15.78923684032892,0.02468357157771644,0.0013459024994469891,0.17355585335999996,0.008064893161226579,0.7760696855191422,0.0040996860467094704,,
C3,bursty,full,2.3267063105822356,0.013993981759489734,0.0,0.0,0.0,0.0,0.04080420627999998,0.000902930325816611,0.9209282317036187,0.0011880492012924567,,
C3,bursty,noise_delay,3.8407674672699903,0.016419222999690584,210.2,18.579558659989747,0.02016077502533276,0.0015461101609440836,0.16186246156,0.005268581903623954,0.7905488910906607,0.003353958930245278,,
C3,bursty,noise_high,2.6390064443466366,0.01614504146648937,0.0,0.0,0.0,0.0,0.06240285559999994,0.002481557143707831,0.890680441180802,0.0016488414911091534,,
C3,bursty,noise_low,2.4319679100884835,0.010481343445783902,0.0,0.0,0.0,0.0,0.04727856615999996,0.000869211128289588,0.9112155045699109,0.0007669158976221983,,
C3,cyclical,delay_10,4.572628564407099,0.060366456858047604,1197.0,45.80938768418541,0.09587881753829611,0.0038287762896062707,0.24330537131999996,0.004140397493301332,0.7251825438496191,0.007769191564478101,,
C3,cyclical,delay_2,3.1795795584596935,0.028999638007774556,0.0,0.0,0.0,0.0,0.12342615563999995,0.003366467594486356,0.8476512426067219,0.003535892203998161,,
C3,cyclical,delay_5,3.9739510946121426,0.0600263505841565,294.0,12.786711852544421,0.02350641979212436,0.0010831032969159584,0.20462775387999993,0.006657125857233128,0.7784056988348915,0.005997707045222226,,
C3,cyclical,full,2.2708292232387755,0.017840470242991728,0.0,0.0,0.0,0.0,0.050912146000000005,0.0013085849826249582,0.9250683807423397,0.0033093052335794017,,
C3,cyclical,noise_delay,3.810556422849337,0.011925196552113135,231.6,16.68232597691341,0.01849779110155208,0.0013854076841180545,0.19389186872,0.005152653802929753,0.7939230205939312,0.0024291857542425165,,
C3,cyclical,noise_high,2.6058254458751025,0.02605965330330687,0.0,0.0,0.0,0.0,0.08301546631999994,0.0027067240773980396,0.8921501811912075,0.002118206819270413,,
C3,cyclical,noise_low,2.384693074305676,0.010594769377515715,0.0,0.0,0.0,0.0,0.060425159039999975,0.0006788481412143451,0.913884009907856,0.0020135155283508978,,
C3,steady,delay_10,4.723168379561968,0.040346211863776356,1810.8,28.420063335608525,0.11308258074757305,0.0017018271634563565,0.36115238227999996,0.006808577193304959,0.7183152737870526,0.0031204501279421737,,
C3,steady,delay_2,3.172540966218334,0.0142523151279649,0.0,0.0,0.0,0.0,0.17726965699999994,0.0015098951805860132,0.8492434979417369,0.0008890752959709903,,
C3,steady,delay_5,4.04687699453641,0.02222888412834368,416.6,15.339491516996253,0.02608208190360068,0.0009638736296021723,0.30113641428,0.006070264400322464,0.7788504559833245,0.0031695574905735787,,
C3,steady,full,2.209081627408628,0.009329635349895653,0.0,0.0,0.0,0.0,0.06685538535999995,0.0004648960214766207,0.9315318362155974,0.0010667256824230132,,
C3,steady,noise_delay,3.872917180194384,0.04080892514774034,342.8,15.530614926653737,0.02137104785213172,0.0009941354407222553,0.29431795139999994,0.0056587745669187854,0.7933205569521647,0.0010187610981212897,,
C3,steady,noise_high,2.573044482873458,0.01562386020490079,0.0,0.0,0.0,0.0,0.11952566095999995,0.003091460047038284,0.895965291823566,0.0022057824014273223,,
C3,steady,noise_low,2.3362167325351613,0.014278206983089955,0.0,0.0,0.0,0.0,0.08386552595999998,0.00142824455165836,0.9188499386969184,0.0014634375852049114,,
C4,steady,full,2.1719415617089552,0.007339765209628994,0.0,0.0,0.0,0.0,0.05859594119999993,0.0007660848214071303,0.9351671452850734,0.0007307387997457773,,
C5,bursty,full,1.1426972918191438,0.0052968848032068465,0.0,0.0,0.0,0.0,0.00044269035999998,3.5027625653309694e-05,0.9994837576483946,0.0001821089010957459,17848.4,12465.63778151764
C5,cyclical,full,1.1472334414018226,0.012439937255757734,0.0,0.0,0.0,0.0,0.00059252023999998,8.097217984299585e-05,0.9992968496521761,0.0007850709656030046,32492.0,1932.920588125648
C5,steady,full,1.1839809951930174,0.09130043045995459,0.0,0.0,0.0,0.0,0.0026674620399999597,0.0037013262673237153,0.9992379757186018,0.0006077303280533383,29858.4,6361.70443356181
C6,bursty,delay_10,2.0634173863893857,0.5766547391558975,120.2,107.73671611850808,0.01150923796487538,0.010337619934334396,0.02249574371999994,0.023226926508196702,0.9457672949632607,0.05620839403715982,8053.6,8656.786372551884
C6,bursty,delay_2,1.7179387677438307,0.7515144830003585,132.4,287.1241891586287,0.0128379674319119,0.02784109656168176,0.028708160919999965,0.061337891838473116,0.9585996319355374,0.07253136279924674,18085.6,10582.657974252026
C6,bursty,delay_5,1.6433040192237995,0.12664363515081625,21.6,19.03417978269618,0.00207983120534224,0.0018310407504822587,0.00402277947999998,0.0011879234755216835,0.9759546279798827,0.015074429273328362,2934.4,3081.254338739339
C6,bursty,noise_delay,1.5143132851832173,0.1412811936012547,10.2,9.984988733093292,0.0009703554726837937,0.0009414865752138727,0.0031619303199999795,0.0017381002352718153,0.9855750062097679,0.013655859231346055,9924.6,12228.306293187132
C6,bursty,noise_high,1.444344383884427,0.43886108201344054,1.4,1.51657508881031,0.00013522032710953772,0.00014807482459704038,0.00161150231999996,0.00235474354920891,0.9834895601022566,0.029470937303140293,22395.4,18728.99480217772
C6,bursty,noise_low,1.193680762372411,0.023394927796309518,0.0,0.0,0.0,0.0,0.00048869379999998,0.00014306003645275163,0.998255440640705,0.0011769323373374933,26571.6,5217.715908326171
C6,cyclical,delay_10,1.7437774021447754,0.09732092508644216,73.8,50.445019575771795,0.00589226804848788,0.004016521453262581,0.00844695375999996,0.007333960387581556,0.9737325270828603,0.0055267333087933605,9774.2,10459.72708534979
C6,cyclical,delay_2,1.644189014627285,0.38392943373606747,50.8,86.91777723803112,0.00404840793515194,0.006924235282087811,0.00838457387999994,0.007302346050911659,0.9708080105013343,0.03919269793818453,25053.2,4945.700122328486
C6,cyclical,delay_5,1.8852421140439042,0.2767337953197656,51.2,38.173289090671766,0.0040839571778186,0.0030458772954408287,0.019637027679999957,0.013286408204249279,0.9661723717309407,0.021788207041561675,12411.4,13523.43176860075
C6,cyclical,noise_delay,1.5727865957322114,0.20254956597229495,4.8,3.3466401061363023,0.00038254284463324,0.0002675601867101097,0.0025557785199999796,0.0017615839738400962,0.9824773288096942,0.014149245640091972,17963.4,19478.422967478655
C6,cyclical,noise_high,1.4018316070195278,0.17530258661534512,0.6,1.3416407864998738,4.802689506122e-05,0.00010739140210513686,0.0018490785599999601,0.002307228137651288,0.9861874516245278,0.015564284761341614,18338.2,11127.854272050834
C6,cyclical,noise_low,1.2001874088595073,0.033795732952154246,0.0,0.0,0.0,0.0,0.00063564971999998,5.567678571051536e-05,0.9978367008431002,0.0010647578912825765,29879.8,7753.852055591466
C6,steady,delay_10,2.0426246516003532,0.5940018349984826,130.6,156.38670020177545,0.00814915299786244,0.009727861746949628,0.03500979747999998,0.04534397011615572,0.9445987134069072,0.05968328876055127,12748.0,11503.93008932165
C6,steady,delay_2,1.5426708852854718,0.20777883424045204,3.0,3.9370039370059056,0.00018810294606113367,0.0002473897857564421,0.013486791719999941,0.009063379038373329,0.9898442248988204,0.009946335757151183,18387.0,11809.413617957498
C6,steady,delay_5,2.0169947531839663,0.3293344719684208,61.0,44.46909038871832,0.0038123534597612405,0.002778689973672272,0.036940433719999985,0.029030918290829967,0.9498269837838432,0.03608809576138349,9290.6,7262.9493182866145
C6,steady,noise_delay,1.8476519764352743,0.5041416452903151,17.0,22.792542640082964,0.00105830658463902,0.0014134368270860747,0.02594078979999994,0.04204334977385007,0.9575202041504888,0.0469397748056319,17687.0,14466.78830978044
C6,steady,noise_high,1.2607746691569885,0.02781501214988249,0.0,0.0,0.0,0.0,0.00113767903999996,0.0004680873007911069,0.9963225903062719,0.0020815722744673922,26597.2,3603.174808415489
C6,steady,noise_low,1.298311508311,0.1745736494456371,0.0,0.0,0.0,0.0,0.00536452943999998,0.009419987344309171,0.9936968525605219,0.007050485086440041,27323.8,6912.183280266808
C8,bursty,delay_10,1.9506337347360536,0.550324723866765,27.8,28.51666179622012,0.00265885409377508,0.0027200054502420088,0.02084003019999996,0.019610814646734552,0.9400345566296787,0.05683360517831554,4138.8,6210.292561546517
C8,bursty,delay_2,1.2854545022647064,0.07452058635547364,0.0,0.0,0.0,0.0,0.00162720679999994,0.0011847784897246417,0.9962502694299495,0.0044505547945645225,11815.6,12342.488294505287
C8,bursty,delay_5,2.0035359467736016,1.192404344635833,106.8,236.58233239191804,0.01045821161139962,0.023169955695360057,0.06147037091999994,0.12636925555596287,0.933760360179835,0.11727588138237467,10910.6,6793.076865456477
C8,bursty,noise_delay,1.302243453495779,0.039825399078572916,0.2,0.447213595499958,1.944201419267036e-05,4.3473665354326616e-05,0.00228453895999998,0.0003030464568578849,0.998251567841141,0.002788633126288924,16620.2,5281.982364605168
C8,bursty,noise_high,1.444344383884427,0.43886108201344054,1.4,1.51657508881031,0.00013522032710953772,0.00014807482459704038,0.00161150231999996,0.00235474354920891,0.9834895601022566,0.029470937303140293,22395.4,18728.99480217772
C8,bursty,noise_low,1.193680762372411,0.023394927796309518,0.0,0.0,0.0,0.0,0.00048869379999998,0.00014306003645275163,0.998255440640705,0.0011769323373374933,26571.6,5217.715908326171
C8,cyclical,delay_10,1.7444649132981838,0.3840978314259173,22.0,23.39871791359518,0.00175286817256788,0.0018668894464195648,0.022588995279999982,0.024800096504545455,0.9768434293588866,0.019874670362354394,10598.2,11978.727924950963
C8,cyclical,delay_2,1.3086835424241445,0.15974445390793127,0.0,0.0,0.0,0.0,0.00333577839999996,0.004681910756068973,0.9932748619756652,0.012172159823496561,18772.8,13430.153841263324
C8,cyclical,delay_5,1.4348946482419473,0.20175767714076398,0.6,0.5477225575051661,4.799926805443876e-05,4.381776030244618e-05,0.00709224576,0.007515953254411256,0.9884512312977195,0.01714738016345063,24596.6,6074.950970995568
C8,cyclical,noise_delay,1.499985649536065,0.31823491084610683,7.2,14.446452851824908,0.000577229437857711,0.0011585744838742426,0.007676272879999941,0.007699624545826125,0.984066416431261,0.02857571438092816,20411.8,11187.419885746669
C8,cyclical,noise_high,1.4018316070195278,0.17530258661534512,0.6,1.3416407864998738,4.802689506122e-05,0.00010739140210513686,0.0018490785599999601,0.002307228137651288,0.9861874516245278,0.015564284761341614,18338.2,11127.854272050834
C8,cyclical,noise_low,1.2001874088595073,0.033795732952154246,0.0,0.0,0.0,0.0,0.00063564971999998,5.567678571051536e-05,0.9978367008431002,0.0010647578912825765,29879.8,7753.852055591466
C8,steady,delay_10,1.629184898377345,0.35189164110782595,4.8,7.155417527999328,0.00029955775650048,0.00044559868017572603,0.02652769339999992,0.0317901758106285,0.9722419641975849,0.035447311070015086,17885.6,10330.956020620744
C8,steady,delay_2,1.8570776036128034,0.6688790355103725,0.0,0.0,0.0,0.0,0.047027493719999994,0.060979027517487204,0.9579428968032726,0.0565278749614799,16365.2,8696.282176884557
C8,steady,delay_5,1.3787100889893131,0.05938689480816861,1.8,2.949576240750525,0.00011219336096000222,0.00018358006300003745,0.007231372599999959,0.000911183346116557,0.9957065737421228,0.0036884375852632135,15911.6,13464.018393481198
C8,steady,noise_delay,1.3805100884692152,0.05880747450881956,1.0,0.7071067811865476,6.247054060583134e-05,4.404091791746132e-05,0.00734831715999998,0.0018034309946132912,0.9956052051925279,0.003338868584394648,23557.0,10786.267310798487
C8,steady,noise_high,1.2607746691569885,0.02781501214988249,0.0,0.0,0.0,0.0,0.00113767903999996,0.0004680873007911069,0.9963225903062719,0.0020815722744673922,26597.2,3603.174808415489
C8,steady,noise_low,1.298311508311,0.1745736494456371,0.0,0.0,0.0,0.0,0.00536452943999998,0.009419987344309171,0.9936968525605219,0.007050485086440041,27323.8,6912.183280266808
