config,traffic,obs_mode,seed,alpha,gamma,convergence_step,avg_response_time,drops,drop_rate,arrivals,completions,load_balance_variance,completion_rate_within_bound
C1,steady,full,0,0.2,0.95,,7.21644685802948,564,0.0351708655525068,16036,15468,0.468005663,0.5986552883372123
C1,steady,full,1,0.2,0.95,,7.4963608006238625,629,0.0392585195356385,16022,15388,0.5279762854000001,0.5947491551858591
C1,steady,full,2,0.2,0.95,,7.368812365486206,604,0.0378897183363653,15941,15333,0.5332645300000001,0.5970129785430118
C1,steady,full,3,0.2,0.95,,7.397056908451622,629,0.0393346257269714,15991,15358,0.540434257,0.6049615835395233
C1,steady,full,4,0.2,0.95,,7.599699660485767,734,0.0457178449081283,16055,15316,0.6096244564,0.6028989292243405
C2,steady,full,0,0.2,0.95,,3.851618929016189,0,0.0,16062,16060,0.0151880266,0.7973848069738481
C2,steady,full,1,0.2,0.95,,3.842058952925649,0,0.0,15917,15911,0.0150074534,0.792659166614292
C2,steady,full,2,0.2,0.95,,3.8836785938480856,0,0.0,15932,15930,0.015572381,0.7940991839296924
C2,steady,full,3,0.2,0.95,,3.8211891485495895,0,0.0,15962,15961,0.014608228,0.795814798571518
C2,steady,full,4,0.2,0.95,,3.843730505302558,0,0.0,16032,16030,0.0142917346,0.7936369307548347
C3,steady,full,0,0.2,0.95,,3.071468592417357,0,0.0,16064,16063,0.064006262,0.8628525182095499
C3,steady,full,1,0.2,0.95,,3.097846383667372,0,0.0,16067,16066,0.065074203,0.8648076683679821
C3,steady,full,2,0.2,0.95,,3.0350932065557363,0,0.0,15987,15986,0.061492351,0.8698235956461904
C3,steady,full,3,0.2,0.95,,2.973675924176585,0,0.0,15880,15879,0.0592065486,0.8751810567416084
C3,steady,full,4,0.2,0.95,,3.016258129064532,0,0.0,15993,15992,0.0629479834,0.8696848424212106
C4,steady,full,0,0.2,0.95,,2.9328950632597373,1,6.200781298443604e-05,16127,16124,0.0243127016,0.8760853386256512
C4,steady,full,1,0.2,0.95,,2.9215587995739614,0,0.0,15961,15961,0.024067018,0.8774512875133137
C4,steady,full,2,0.2,0.95,,2.9039448966812773,0,0.0,15972,15970,0.0232766094,0.8833437695679399
C4,steady,full,3,0.2,0.95,,2.911313639220616,0,0.0,15911,15910,0.0226851704,0.8810810810810811
C4,steady,full,4,0.2,0.95,,2.9225115236078234,0,0.0,16054,16054,0.0233703783999999,0.8809019558988415
C5,steady,full,0,0.2,0.95,1355.0,6.74230709757229,3165,0.1965594336107315,16102,12934,0.7833863994,0.5035565177052729
C5,steady,full,1,0.2,0.95,15399.0,5.971567882472137,216,0.0134890401548741,16013,15792,0.0236230686,0.6276595744680851
C5,steady,full,2,0.2,0.95,4220.0,6.136213047910296,220,0.0138182274982727,15921,15696,0.0261161263999999,0.6392074413863404
C5,steady,full,3,0.2,0.95,10115.0,6.757038179714616,415,0.0259732131681061,15978,15558,0.0019681455999999,0.5506491836997043
C5,steady,full,4,0.2,0.95,486.0,6.480120946989192,485,0.0302406783888265,16038,15544,0.1321278884,0.562403499742666
C1,steady,noise_low,0,0.2,0.95,,7.21644685802948,564,0.0351708655525068,16036,15468,0.468005663,0.5986552883372123
C1,steady,noise_low,1,0.2,0.95,,7.4963608006238625,629,0.0392585195356385,16022,15388,0.5279762854000001,0.5947491551858591
C1,steady,noise_low,2,0.2,0.95,,7.368812365486206,604,0.0378897183363653,15941,15333,0.5332645300000001,0.5970129785430118
C1,steady,noise_low,3,0.2,0.95,,7.397056908451622,629,0.0393346257269714,15991,15358,0.540434257,0.6049615835395233
C1,steady,noise_low,4,0.2,0.95,,7.599699660485767,734,0.0457178449081283,16055,15316,0.6096244564,0.6028989292243405
C2,steady,noise_low,0,0.2,0.95,,3.993078074332751,0,0.0,16039,16036,0.0190719396,0.7794961336991768
C2,steady,noise_low,1,0.2,0.95,,4.064934255624104,0,0.0,16050,16047,0.0202178354,0.7748488814108556
C2,steady,noise_low,2,0.2,0.95,,4.015871024402484,0,0.0,15944,15941,0.0176769374,0.7781193149739665
C2,steady,noise_low,3,0.2,0.95,,3.99305033809166,0,0.0,15975,15972,0.0185493393999999,0.7799273729025795
C2,steady,noise_low,4,0.2,0.95,,4.016088800199551,0,0.0,16040,16036,0.0197819344,0.7804315290596159
C3,steady,noise_low,0,0.2,0.95,,3.1820839813374806,0,0.0,16078,16075,0.0700315495999999,0.8530015552099534
C3,steady,noise_low,1,0.2,0.95,,3.1893001555209954,0,0.0,16077,16075,0.0719589564,0.8527527216174183
C3,steady,noise_low,2,0.2,0.95,,3.15785175879397,0,0.0,15922,15920,0.0664143966,0.8559045226130654
C3,steady,noise_low,3,0.2,0.95,,3.145479606540944,0,0.0,15966,15961,0.0668473086,0.8556481423469707
C3,steady,noise_low,4,0.2,0.95,,3.114116177389132,0,0.0,16011,16010,0.0669349064,0.8597751405371643
C6,steady,noise_low,0,0.2,0.95,628.0,6.415495217921561,403,0.0252111354394745,15985,15579,0.0218574605999999,0.5905385454778869
C6,steady,noise_low,1,0.2,0.95,598.0,6.513846944676477,445,0.0277899206894398,16013,15563,0.0241772746,0.5782946732635096
C6,steady,noise_low,2,0.2,0.95,8635.0,6.181637111282447,339,0.0213086931925325,15909,15564,0.0095333004,0.6165510151631971
C6,steady,noise_low,3,0.2,0.95,1283.0,5.867430754536771,267,0.0167115228140451,15977,15705,0.0295257086,0.6210760904170646
C6,steady,noise_low,4,0.2,0.95,411.0,6.10954377938747,260,0.016240864513711,16009,15738,0.0155408593999999,0.6159613673910281
C11,steady,noise_low,0,0.2,0.95,1292.0,6.590450571620713,4162,0.2591370400348671,16061,11896,0.6149262236000002,0.4605749831876261
C11,steady,noise_low,1,0.2,0.95,514.0,6.092328625113386,650,0.0403977625854568,16090,15434,0.0379752164,0.6011403395101723
C11,steady,noise_low,2,0.2,0.95,693.0,6.127021671034968,317,0.01985469121884,15966,15643,0.0394341524,0.6056383046730167
C11,steady,noise_low,3,0.2,0.95,306.0,5.601901743264659,172,0.0107823470411233,15952,15775,0.0175175694,0.6422820919175911
C11,steady,noise_low,4,0.2,0.95,2500.0,5.9889379116311785,313,0.0196176747101222,15955,15639,0.0135861069999999,0.6180062663853187
C1,steady,noise_high,0,0.2,0.95,,7.21644685802948,564,0.0351708655525068,16036,15468,0.468005663,0.5986552883372123
C1,steady,noise_high,1,0.2,0.95,,7.4963608006238625,629,0.0392585195356385,16022,15388,0.5279762854000001,0.5947491551858591
C1,steady,noise_high,2,0.2,0.95,,7.368812365486206,604,0.0378897183363653,15941,15333,0.5332645300000001,0.5970129785430118
C1,steady,noise_high,3,0.2,0.95,,7.397056908451622,629,0.0393346257269714,15991,15358,0.540434257,0.6049615835395233
C1,steady,noise_high,4,0.2,0.95,,7.599699660485767,734,0.0457178449081283,16055,15316,0.6096244564,0.6028989292243405
C2,steady,noise_high,0,0.2,0.95,,4.309777227722773,0,0.0,16161,16160,0.0303961785999999,0.755569306930693
C2,steady,noise_high,1,0.2,0.95,,4.394075180482948,0,0.0,16072,16068,0.0325082004,0.7524894199651481
C2,steady,noise_high,2,0.2,0.95,,4.408021088307287,0,0.0,15937,15933,0.0290448396,0.7437394087742422
C2,steady,noise_high,3,0.2,0.95,,4.404000501630298,0,0.0,15951,15948,0.0327254284,0.7511913719588663
C2,steady,noise_high,4,0.2,0.95,,4.439285044684707,0,0.0,16002,16001,0.0338853454,0.7475782763577277
C3,steady,noise_high,0,0.2,0.95,,3.422069051167412,0,0.0,16107,16104,0.0824017226,0.8255712866368604
C3,steady,noise_high,1,0.2,0.95,,3.458981700485497,0,0.0,16067,16066,0.0793413826,0.8257811527449271
C3,steady,noise_high,2,0.2,0.95,,3.3901297728974296,0,0.0,16029,16028,0.079514436,0.8324806588470177
C3,steady,noise_high,3,0.2,0.95,,3.4095261939037367,0,0.0,15978,15977,0.0796262026,0.8265005946047443
C3,steady,noise_high,4,0.2,0.95,,3.3658704352176088,0,0.0,15993,15992,0.0767834543999999,0.8319159579789895
C6,steady,noise_high,0,0.2,0.95,199.0,6.017123941689477,234,0.0146736063209381,15947,15709,0.0287127615999999,0.6281112737920937
C6,steady,noise_high,1,0.2,0.95,1959.0,6.242010588760604,377,0.0234803188839063,16056,15677,0.0076528866,0.5925240798622186
C6,steady,noise_high,2,0.2,0.95,199.0,6.631403261009115,342,0.0214756671899529,15925,15578,0.0244584625999999,0.582873282834767
C6,steady,noise_high,3,0.2,0.95,1239.0,6.285401224621334,441,0.0276333103577918,15959,15515,0.0142199753999999,0.6007089912987431
C6,steady,noise_high,4,0.2,0.95,497.0,6.830384615384616,424,0.0264553565857615,16027,15600,0.0624432079999999,0.5741666666666667
C11,steady,noise_high,0,0.2,0.95,199.0,6.380918773258052,426,0.0265984015984016,16016,15586,0.0135873923999999,0.5793019376363403
C11,steady,noise_high,1,0.2,0.95,11783.0,5.990390272602471,706,0.0441029485257371,16008,15297,0.0585948119999999,0.6165261162319409
C11,steady,noise_high,2,0.2,0.95,491.0,6.475044622198718,897,0.0559680539090285,16027,15127,0.0470807056,0.6038870893105044
C11,steady,noise_high,3,0.2,0.95,5249.0,6.068804664723032,583,0.036385196280347,16023,15435,0.0240597886,0.6135406543569809
C11,steady,noise_high,4,0.2,0.95,429.0,6.73863709212129,402,0.0251171508903467,16005,15599,0.0120919594,0.5643951535354831
C1,steady,delay_2,0,0.2,0.95,,7.21644685802948,564,0.0351708655525068,16036,15468,0.468005663,0.5986552883372123
C1,steady,delay_2,1,0.2,0.95,,7.4963608006238625,629,0.0392585195356385,16022,15388,0.5279762854000001,0.5947491551858591
C1,steady,delay_2,2,0.2,0.95,,7.368812365486206,604,0.0378897183363653,15941,15333,0.5332645300000001,0.5970129785430118
C1,steady,delay_2,3,0.2,0.95,,7.397056908451622,629,0.0393346257269714,15991,15358,0.540434257,0.6049615835395233
C1,steady,delay_2,4,0.2,0.95,,7.599699660485767,734,0.0457178449081283,16055,15316,0.6096244564,0.6028989292243405
C2,steady,delay_2,0,0.2,0.95,,5.050153211181289,0,0.0,15995,15991,0.025489627,0.6952660871740354
C2,steady,delay_2,1,0.2,0.95,,5.022151104417671,0,0.0,15942,15936,0.0255197785999999,0.6949673694779116
C2,steady,delay_2,2,0.2,0.95,,5.030619912335629,0,0.0,15972,15970,0.0246818576,0.6938008766437069
C2,steady,delay_2,3,0.2,0.95,,5.007261345852895,0,0.0,15979,15975,0.0271851274,0.6977151799687011
C2,steady,delay_2,4,0.2,0.95,,5.119755244755245,0,0.0,16022,16016,0.0268797063999999,0.6896228771228772
C3,steady,delay_2,0,0.2,0.95,,4.63684505638278,4,0.0002490504949878,16061,16051,0.1489505176,0.6998940875957884
C3,steady,delay_2,1,0.2,0.95,,4.641770573566085,5,0.0003116041381029,16046,16040,0.1414251949999999,0.6984413965087282
C3,steady,delay_2,2,0.2,0.95,,4.590606555318347,6,0.00037652965171,15935,15926,0.1424284374,0.7034409142283059
C3,steady,delay_2,3,0.2,0.95,,4.593489305651383,5,0.0003134403209628,15952,15943,0.142909772,0.7024399422944239
C3,steady,delay_2,4,0.2,0.95,,4.563581640331076,6,0.0003760812335464,15954,15948,0.1432083536,0.7076749435665914
C6,steady,delay_2,0,0.2,0.95,199.0,7.576443264764433,999,0.062134593854957,16078,15070,0.1363169516,0.5315195753151958
C6,steady,delay_2,1,0.2,0.95,199.0,7.616366612111293,737,0.0460136105388025,16017,15275,0.1839350406,0.5397708674304419
C6,steady,delay_2,2,0.2,0.95,508.0,7.975930420711974,1044,0.0657182424776532,15886,14832,0.1999228524,0.5215075512405609
C6,steady,delay_2,3,0.2,0.95,222.0,8.034974441754104,1150,0.0717718279972539,16023,14868,0.2683522394000001,0.5271051923594297
C6,steady,delay_2,4,0.2,0.95,428.0,7.322920092074975,761,0.0476399148616501,15974,15205,0.123389653,0.5533706017757317
C11,steady,delay_2,0,0.2,0.95,642.0,7.558897027143472,4504,0.2795258486936014,16113,11605,0.4196490403999998,0.4671262386902197
C11,steady,delay_2,1,0.2,0.95,291.0,5.988370381274842,2445,0.1524789522918615,16035,13586,0.0851952999999999,0.5998086265273075
C11,steady,delay_2,2,0.2,0.95,199.0,6.645665087098712,1004,0.0627931703045844,15989,14983,0.0707464075999999,0.5516251751985584
C11,steady,delay_2,3,0.2,0.95,494.0,7.026481384373361,724,0.0452952952952952,15984,15256,0.180814948,0.538280020975354
C11,steady,delay_2,4,0.2,0.95,418.0,12.673870628845863,9366,0.5841701490675482,16033,6663,1.0500204789999998,0.4103256791235179
C1,steady,delay_5,0,0.2,0.95,,7.21644685802948,564,0.0351708655525068,16036,15468,0.468005663,0.5986552883372123
C1,steady,delay_5,1,0.2,0.95,,7.4963608006238625,629,0.0392585195356385,16022,15388,0.5279762854000001,0.5947491551858591
C1,steady,delay_5,2,0.2,0.95,,7.368812365486206,604,0.0378897183363653,15941,15333,0.5332645300000001,0.5970129785430118
C1,steady,delay_5,3,0.2,0.95,,7.397056908451622,629,0.0393346257269714,15991,15358,0.540434257,0.6049615835395233
C1,steady,delay_5,4,0.2,0.95,,7.599699660485767,734,0.0457178449081283,16055,15316,0.6096244564,0.6028989292243405
C2,steady,delay_5,0,0.2,0.95,,6.302178143242735,165,0.0102452654455138,16105,15931,0.049831543,0.6121398531165652
C2,steady,delay_5,1,0.2,0.95,,6.283139793134082,155,0.0097361809045226,15920,15759,0.0526430799999999,0.6063836537851387
C2,steady,delay_5,2,0.2,0.95,,6.331122062168309,166,0.0103730550521777,16003,15828,0.0450130756,0.6015921152388173
C2,steady,delay_5,3,0.2,0.95,,6.242546740778171,168,0.0104986876640419,16002,15832,0.0485794779999999,0.6105987872662961
C2,steady,delay_5,4,0.2,0.95,,6.239633953928684,147,0.0091915212905646,15993,15845,0.0476185299999999,0.6089618176080782
C3,steady,delay_5,0,0.2,0.95,,6.051735428945645,795,0.049467985812955,16071,15270,0.2423330695999999,0.5626064178127046
C3,steady,delay_5,1,0.2,0.95,,6.0080745749359945,778,0.0485885585810642,16012,15233,0.2423326226,0.5699468259699337
C3,steady,delay_5,2,0.2,0.95,,5.964215234837521,715,0.0449120603015075,15920,15202,0.2345990714,0.5747927904223129
C3,steady,delay_5,3,0.2,0.95,,5.884229178972238,718,0.0449790139698051,15963,15237,0.2298929474,0.5808229966528844
C3,steady,delay_5,4,0.2,0.95,,5.948341668860226,762,0.0477443609022556,15960,15196,0.2444685334,0.5683732561200315
C6,steady,delay_5,0,0.2,0.95,290.0,8.213737346287111,1335,0.0831361315232283,16058,14719,0.2385231475999999,0.5083905156600312
C6,steady,delay_5,1,0.2,0.95,199.0,7.973309608540926,1366,0.0854765033477254,15981,14612,0.2199670786,0.5302491103202847
C6,steady,delay_5,2,0.2,0.95,242.0,8.199348843518958,1157,0.0727489939637826,15904,14743,0.2059024029999999,0.4959641863935426
C6,steady,delay_5,3,0.2,0.95,199.0,7.727726781857451,1197,0.0747144373010423,16021,14816,0.1561149485999999,0.521530777537797
C6,steady,delay_5,4,0.2,0.95,489.0,7.30942513368984,962,0.060396785534907,15928,14960,0.091116125,0.5462566844919786
C11,steady,delay_5,0,0.2,0.95,199.0,7.024420107475682,1284,0.0803001876172608,15990,14701,0.0344050246,0.5400993129719067
C11,steady,delay_5,1,0.2,0.95,571.0,10.66903584672435,6337,0.3948532618854757,16049,9708,0.6818162593999999,0.3632056036258755
C11,steady,delay_5,2,0.2,0.95,1943.0,9.283780809859154,6810,0.4282480191170922,15902,9088,1.2086381055999995,0.2797095070422535
C11,steady,delay_5,3,0.2,0.95,1233.0,11.078672484463835,8416,0.5265924164685271,15982,7563,0.9376476234,0.2796509321697739
C11,steady,delay_5,4,0.2,0.95,437.0,6.410819672131147,748,0.046729555819329,16007,15250,0.0577474586,0.6060327868852459
C1,steady,delay_10,0,0.2,0.95,,7.21644685802948,564,0.0351708655525068,16036,15468,0.468005663,0.5986552883372123
C1,steady,delay_10,1,0.2,0.95,,7.4963608006238625,629,0.0392585195356385,16022,15388,0.5279762854000001,0.5947491551858591
C1,steady,delay_10,2,0.2,0.95,,7.368812365486206,604,0.0378897183363653,15941,15333,0.5332645300000001,0.5970129785430118
C1,steady,delay_10,3,0.2,0.95,,7.397056908451622,629,0.0393346257269714,15991,15358,0.540434257,0.6049615835395233
C1,steady,delay_10,4,0.2,0.95,,7.599699660485767,734,0.0457178449081283,16055,15316,0.6096244564,0.6028989292243405
C2,steady,delay_10,0,0.2,0.95,,7.096006796941376,744,0.0463609172482552,16048,15301,0.0686566726,0.5557153127246586
C2,steady,delay_10,1,0.2,0.95,,7.141758169504898,755,0.0472731826435414,15971,15209,0.0761806554,0.558353606417253
C2,steady,delay_10,2,0.2,0.95,,7.144744587612009,728,0.0454431960049937,16020,15289,0.0622276584,0.5533390018967885
C2,steady,delay_10,3,0.2,0.95,,7.137784739899485,717,0.0446923892040142,16043,15321,0.0720698196,0.5600156647738398
C2,steady,delay_10,4,0.2,0.95,,7.1965065502183405,724,0.0450500902246282,16071,15343,0.067889259,0.5529557452910122
C3,steady,delay_10,0,0.2,0.95,,6.733760906853606,2636,0.1642469935821546,16049,13409,0.3215781233999999,0.4829592065030949
C3,steady,delay_10,1,0.2,0.95,,6.82467580585402,2584,0.1606565530962447,16084,13495,0.3157771314000001,0.4783253056687662
C3,steady,delay_10,2,0.2,0.95,,6.71492772076998,2581,0.1619603413654618,15936,13351,0.3234709736,0.4777170249419519
C3,steady,delay_10,3,0.2,0.95,,6.770004503828254,2635,0.1650795639644154,15962,13322,0.3110825445999999,0.480933793724666
C3,steady,delay_10,4,0.2,0.95,,6.855696202531646,2644,0.1644585432605585,16077,13430,0.31358961,0.4787788533134773
C6,steady,delay_10,0,0.2,0.95,327.0,8.19568878410239,1276,0.0791121582243164,16129,14845,0.2210098414,0.4978107106769956
C6,steady,delay_10,1,0.2,0.95,1056.0,8.90599445353054,1965,0.1225750109163495,16031,14063,0.3690728886000001,0.4865960321410794
C6,steady,delay_10,2,0.2,0.95,476.0,7.983677093293266,1190,0.0751452386966405,15836,14642,0.2010998906,0.5170741701953285
C6,steady,delay_10,3,0.2,0.95,2144.0,7.822487223168654,1277,0.0800275741054082,15957,14675,0.1822474566,0.5275638841567292
C6,steady,delay_10,4,0.2,0.95,505.0,7.966783216783217,1166,0.0726796733777971,16043,14872,0.1889261174,0.5146584185045724
C11,steady,delay_10,0,0.2,0.95,726.0,7.308902321747492,1420,0.0888388388388388,15984,14558,0.1752194106,0.523973073224344
C11,steady,delay_10,1,0.2,0.95,1893.0,7.5785736102626755,2916,0.182067932067932,16016,13096,0.1747916566,0.5213805742211363
C11,steady,delay_10,2,0.2,0.95,199.0,6.958719818735396,1750,0.1102362204724409,15875,14123,0.1553637163999999,0.5951285137718615
C11,steady,delay_10,3,0.2,0.95,1713.0,15.51072705601907,10868,0.6832641770401107,15906,5034,2.1278502166,0.0301946762018275
C11,steady,delay_10,4,0.2,0.95,416.0,7.116892798568659,2634,0.1640712594991902,16054,13414,0.3492946594,0.4616072759803191
C1,steady,noise_delay,0,0.2,0.95,,7.21644685802948,564,0.0351708655525068,16036,15468,0.468005663,0.5986552883372123
C1,steady,noise_delay,1,0.2,0.95,,7.4963608006238625,629,0.0392585195356385,16022,15388,0.5279762854000001,0.5947491551858591
C1,steady,noise_delay,2,0.2,0.95,,7.368812365486206,604,0.0378897183363653,15941,15333,0.5332645300000001,0.5970129785430118
C1,steady,noise_delay,3,0.2,0.95,,7.397056908451622,629,0.0393346257269714,15991,15358,0.540434257,0.6049615835395233
C1,steady,noise_delay,4,0.2,0.95,,7.599699660485767,734,0.0457178449081283,16055,15316,0.6096244564,0.6028989292243405
C2,steady,noise_delay,0,0.2,0.95,,6.146138838189943,130,0.0081143499157355,16021,15889,0.0551454544,0.6153942979419724
C2,steady,noise_delay,1,0.2,0.95,,6.323408559327391,146,0.0091427140083912,15969,15819,0.0559796424,0.6141981161893925
C2,steady,noise_delay,2,0.2,0.95,,6.194969348416861,134,0.008394937977697,15962,15823,0.0483709234,0.6134108576123365
C2,steady,noise_delay,3,0.2,0.95,,6.182307497467072,128,0.0080381813614669,15924,15792,0.0519980279999999,0.6172112462006079
C2,steady,noise_delay,4,0.2,0.95,,6.160357187775123,123,0.0076740703768405,16028,15902,0.0559892434,0.6192302854986794
C3,steady,noise_delay,0,0.2,0.95,,5.634346326543893,602,0.0376838810641627,15975,15367,0.2198960205999999,0.5971887811544219
C3,steady,noise_delay,1,0.2,0.95,,5.7551086603957184,604,0.0377028714107365,16020,15415,0.2214496594,0.590593577684074
C3,steady,noise_delay,2,0.2,0.95,,5.707553302132085,636,0.0396855110445526,16026,15384,0.222261319,0.5956188247529901
C3,steady,noise_delay,3,0.2,0.95,,5.661934223380007,596,0.0373527199799448,15956,15355,0.2234134213999999,0.5887333116248779
C3,steady,noise_delay,4,0.2,0.95,,5.869065402351107,608,0.0379786370166781,16009,15397,0.2294807566,0.5845294537896993
C6,steady,noise_delay,0,0.2,0.95,239.0,7.860192102454643,1109,0.0688477775018624,16108,14992,0.2798757896,0.5408217716115261
C6,steady,noise_delay,1,0.2,0.95,199.0,7.845208360720389,862,0.0536102991479569,16079,15214,0.2303615994,0.5312869725253057
C6,steady,noise_delay,2,0.2,0.95,199.0,8.29384045775833,991,0.0625157708806459,15852,14855,0.3516383979999999,0.51524739145069
C6,steady,noise_delay,3,0.2,0.95,1249.0,7.808722366927135,1028,0.0642299281474539,16005,14973,0.296942836,0.5495892606692045
C6,steady,noise_delay,4,0.2,0.95,491.0,7.568279921517331,759,0.0472720478325859,16056,15290,0.20352151,0.5462393721386527
C11,steady,noise_delay,0,0.2,0.95,1462.0,6.286463454605047,686,0.0430282882769867,15943,15255,0.0509456794,0.5936414290396591
C11,steady,noise_delay,1,0.2,0.95,520.0,6.615209619759506,642,0.0400449101796407,16032,15385,0.0396471625999999,0.5816054598635034
C11,steady,noise_delay,2,0.2,0.95,486.0,8.449720896367607,3490,0.2201059535822401,15856,12361,0.1437998574,0.4930830838928889
C11,steady,noise_delay,3,0.2,0.95,981.0,5.990784301089128,483,0.0301818409048303,16003,15517,0.0346022513999999,0.6066249919443192
C11,steady,noise_delay,4,0.2,0.95,1211.0,6.679594353844045,1385,0.0866545704811362,15983,14594,0.058296517,0.5710565986021653
C1,bursty,full,0,0.05,0.9,,6.130245015375459,100,0.0098173964264677,10186,10081,0.1420476649999999,0.6490427536950699
C1,bursty,full,1,0.05,0.9,,6.100864833349529,121,0.0116200902717756,10413,10291,0.1220006384,0.6485278398600719
C1,bursty,full,2,0.05,0.9,,6.320509083843389,133,0.0127565701131785,10426,10293,0.1447394614,0.6410181676867774
C1,bursty,full,3,0.05,0.9,,6.286367969494757,143,0.0134486974513307,10633,10490,0.1602152693999999,0.6437559580552907
C1,bursty,full,4,0.05,0.9,,6.224511824158571,129,0.012496367335077,10323,10191,0.1451197294,0.6443921106858993
C2,bursty,full,0,0.05,0.9,,3.930703729078986,0,0.0,10217,10217,0.0097285066,0.7869237545267691
C2,bursty,full,1,0.05,0.9,,3.865298580042793,0,0.0,10282,10282,0.0088791984,0.7896323672437269
C2,bursty,full,2,0.05,0.9,,3.939689665267883,0,0.0,10247,10247,0.0095556686,0.78618132136235
C2,bursty,full,3,0.05,0.9,,3.871127162136476,0,0.0,10523,10522,0.0095236524,0.7892035734651207
C2,bursty,full,4,0.05,0.9,,3.885046460388926,0,0.0,10439,10439,0.0095944765999999,0.7881981032665965
C3,bursty,full,0,0.05,0.9,,2.8143851508120648,0,0.0,10344,10344,0.0267849616,0.8864075792730085
C3,bursty,full,1,0.05,0.9,,2.888179218303146,0,0.0,10490,10490,0.0278595265999999,0.8811248808388942
C3,bursty,full,2,0.05,0.9,,2.890250909787397,0,0.0,10443,10442,0.0280190274,0.8813445700057461
C3,bursty,full,3,0.05,0.9,,2.8292282430213467,0,0.0,10354,10353,0.0270744474,0.8911426639621366
C3,bursty,full,4,0.05,0.9,,2.772209567198177,0,0.0,10098,10097,0.0239107449999999,0.8978904625136179
C5,bursty,full,0,0.05,0.9,1595.0,4.731534504513249,73,0.0070334328933423,10379,10303,0.0761796324,0.7138697466757256
C5,bursty,full,1,0.05,0.9,20519.0,4.324218367146917,53,0.0051666991616299,10258,10203,0.0321525284,0.7741840635107321
C5,bursty,full,2,0.05,0.9,208.0,4.603004291845494,126,0.0121375590020229,10381,10252,0.027032469,0.7351736246586033
C5,bursty,full,3,0.05,0.9,1689.0,3.994771494965143,25,0.002413593357791,10358,10328,0.0115472184,0.7858249419054996
C5,bursty,full,4,0.05,0.9,203.0,3.614455464990671,141,0.0136561743341404,10325,10183,0.0246202746,0.8188156731807915
C1,bursty,noise_low,0,0.05,0.9,,6.130245015375459,100,0.0098173964264677,10186,10081,0.1420476649999999,0.6490427536950699
C1,bursty,noise_low,1,0.05,0.9,,6.100864833349529,121,0.0116200902717756,10413,10291,0.1220006384,0.6485278398600719
C1,bursty,noise_low,2,0.05,0.9,,6.320509083843389,133,0.0127565701131785,10426,10293,0.1447394614,0.6410181676867774
C1,bursty,noise_low,3,0.05,0.9,,6.286367969494757,143,0.0134486974513307,10633,10490,0.1602152693999999,0.6437559580552907
C1,bursty,noise_low,4,0.05,0.9,,6.224511824158571,129,0.012496367335077,10323,10191,0.1451197294,0.6443921106858993
C2,bursty,noise_low,0,0.05,0.9,,4.004616272360069,0,0.0,10399,10398,0.0110061006,0.7778418926716676
C2,bursty,noise_low,1,0.05,0.9,,4.036602802402059,0,0.0,10491,10491,0.0116586145999999,0.7724716423601182
C2,bursty,noise_low,2,0.05,0.9,,4.03878599825463,0,0.0,10313,10313,0.0108070024,0.7830893047609813
C2,bursty,noise_low,3,0.05,0.9,,4.018727326208452,0,0.0,10202,10199,0.012143987,0.7831159917638985
C2,bursty,noise_low,4,0.05,0.9,,3.997185285839076,0,0.0,10304,10303,0.0103438915999999,0.7804522954479278
C3,bursty,noise_low,0,0.05,0.9,,2.95837780149413,0,0.0,10308,10307,0.0281725574,0.8757155331328224
C3,bursty,noise_low,1,0.05,0.9,,3.0539462437078546,0,0.0,10529,10529,0.0306029254,0.865039414949188
C3,bursty,noise_low,2,0.05,0.9,,2.9725444702242845,0,0.0,10346,10344,0.0296011896,0.8759667440061871
C3,bursty,noise_low,3,0.05,0.9,,2.902689108144709,0,0.0,10339,10338,0.0281485116,0.881601857225769
C3,bursty,noise_low,4,0.05,0.9,,2.9045177517655025,0,0.0,10338,10337,0.0262799534,0.8842991196672149
C6,bursty,noise_low,0,0.05,0.9,214.0,5.611586127389759,87,0.0082888719512195,10496,10409,0.0275992956,0.6573157844173312
C6,bursty,noise_low,1,0.05,0.9,4592.0,5.044909317723826,113,0.0107241150232514,10537,10421,0.0080136143999999,0.7031954706841954
C6,bursty,noise_low,2,0.05,0.9,431.0,5.02808772604848,91,0.008673274876096,10492,10396,0.0042122266,0.7095998460946518
C6,bursty,noise_low,3,0.05,0.9,199.0,5.362673926194797,206,0.0203436697610112,10126,9918,0.0231919274,0.6703972575115951
C6,bursty,noise_low,4,0.05,0.9,487.0,6.033522331642296,160,0.0156540455924077,10221,10053,0.0496088776,0.6537352034218641
C11,bursty,noise_low,0,0.05,0.9,199.0,4.000869565217391,134,0.0127777248021359,10487,10350,0.0212239486,0.7910144927536232
C11,bursty,noise_low,1,0.05,0.9,482.0,4.456421342242311,211,0.0203118983442433,10388,10177,0.0027395624,0.7506141299007566
C11,bursty,noise_low,2,0.05,0.9,18988.0,5.068479938271605,124,0.0118174020775755,10493,10368,0.0080869126,0.7000385802469136
C11,bursty,noise_low,3,0.05,0.9,21684.0,4.540574768631271,153,0.0146861201766173,10418,10265,0.0114707713999999,0.7398928397467122
C11,bursty,noise_low,4,0.05,0.9,199.0,5.174134220309137,242,0.0231247013855709,10465,10222,0.0129065633999999,0.6904715319898259
C1,bursty,noise_high,0,0.05,0.9,,6.130245015375459,100,0.0098173964264677,10186,10081,0.1420476649999999,0.6490427536950699
C1,bursty,noise_high,1,0.05,0.9,,6.100864833349529,121,0.0116200902717756,10413,10291,0.1220006384,0.6485278398600719
C1,bursty,noise_high,2,0.05,0.9,,6.320509083843389,133,0.0127565701131785,10426,10293,0.1447394614,0.6410181676867774
C1,bursty,noise_high,3,0.05,0.9,,6.286367969494757,143,0.0134486974513307,10633,10490,0.1602152693999999,0.6437559580552907
C1,bursty,noise_high,4,0.05,0.9,,6.224511824158571,129,0.012496367335077,10323,10191,0.1451197294,0.6443921106858993
C2,bursty,noise_high,0,0.05,0.9,,4.279234449760765,0,0.0,10451,10450,0.0145404094,0.7563636363636363
C2,bursty,noise_high,1,0.05,0.9,,4.285825773095308,0,0.0,10254,10251,0.0144074505999999,0.7572919715149742
C2,bursty,noise_high,2,0.05,0.9,,4.299852869053457,0,0.0,10198,10195,0.01538269,0.7583128984796469
C2,bursty,noise_high,3,0.05,0.9,,4.291372549019608,0,0.0,10202,10200,0.0144206229999999,0.7527450980392156
C2,bursty,noise_high,4,0.05,0.9,,4.238949205118263,0,0.0,10317,10316,0.0154857613999999,0.7575610701822412
C3,bursty,noise_high,0,0.05,0.9,,3.1239827668741023,1,9.573042312847024e-05,10446,10445,0.032189684,0.8556247008137865
C3,bursty,noise_high,1,0.05,0.9,,3.1466498103666245,0,0.0,10286,10283,0.0298145694,0.854419916366819
C3,bursty,noise_high,2,0.05,0.9,,3.1539716039907906,0,0.0,10425,10424,0.031355966,0.8571565617805065
C3,bursty,noise_high,3,0.05,0.9,,3.082386087632372,0,0.0,10295,10293,0.0318338714,0.8617507043621879
C3,bursty,noise_high,4,0.05,0.9,,3.077305778798316,0,0.0,10452,10452,0.0319847206,0.8620359739762725
C6,bursty,noise_high,0,0.05,0.9,199.0,5.909370962933519,175,0.0170848384262423,10243,10063,0.0286181624,0.6474212461492597
C6,bursty,noise_high,1,0.05,0.9,424.0,6.106253675749853,239,0.0228839525086173,10444,10202,0.0374869813999999,0.6391883944324642
C6,bursty,noise_high,2,0.05,0.9,623.0,6.327249781574604,252,0.0238726790450928,10556,10301,0.0501875644,0.6228521502766722
C6,bursty,noise_high,3,0.05,0.9,200.0,5.829317269076305,205,0.0192235558889722,10664,10458,0.0240907285999999,0.6559571619812584
C6,bursty,noise_high,4,0.05,0.9,8983.0,5.542349592698008,191,0.0183936825885978,10384,10189,0.0125172045999999,0.6914319364020022
C11,bursty,noise_high,0,0.05,0.9,266.0,5.616280226888248,206,0.0200838451789022,10257,10049,0.0737477026,0.6759876604637277
C11,bursty,noise_high,1,0.05,0.9,516.0,4.876589825119237,171,0.0167041125329686,10237,10064,0.0324723356,0.7080683624801272
C11,bursty,noise_high,2,0.05,0.9,621.0,5.1567024524771,326,0.0311068702290076,10480,10153,0.0372821624,0.6947700187136807
C11,bursty,noise_high,3,0.05,0.9,372.0,4.765017148456639,94,0.0091270997184192,10299,10205,0.0320036116,0.7188633023027927
C11,bursty,noise_high,4,0.05,0.9,467.0,4.565310701394986,51,0.0049500145588663,10303,10251,0.0252762764,0.7299775631645693
C1,bursty,delay_2,0,0.05,0.9,,6.130245015375459,100,0.0098173964264677,10186,10081,0.1420476649999999,0.6490427536950699
C1,bursty,delay_2,1,0.05,0.9,,6.100864833349529,121,0.0116200902717756,10413,10291,0.1220006384,0.6485278398600719
C1,bursty,delay_2,2,0.05,0.9,,6.320509083843389,133,0.0127565701131785,10426,10293,0.1447394614,0.6410181676867774
C1,bursty,delay_2,3,0.05,0.9,,6.286367969494757,143,0.0134486974513307,10633,10490,0.1602152693999999,0.6437559580552907
C1,bursty,delay_2,4,0.05,0.9,,6.224511824158571,129,0.012496367335077,10323,10191,0.1451197294,0.6443921106858993
C2,bursty,delay_2,0,0.05,0.9,,4.843557983029357,0,0.0,10260,10253,0.0181103395999999,0.710621281576124
C2,bursty,delay_2,1,0.05,0.9,,4.900097181729834,0,0.0,10294,10290,0.0162313734,0.7079689018464529
C2,bursty,delay_2,2,0.05,0.9,,4.803256832682601,0,0.0,10501,10501,0.0147555645999999,0.7192648319207694
C2,bursty,delay_2,3,0.05,0.9,,4.866452890691313,0,0.0,10606,10603,0.0159251726,0.7060265962463453
C2,bursty,delay_2,4,0.05,0.9,,4.841402179062056,0,0.0,10556,10555,0.0155823586,0.7094268119374704
C3,bursty,delay_2,0,0.05,0.9,,4.159316533027873,3,0.0002862595419847,10480,10476,0.0584632513999999,0.7527682321496755
C3,bursty,delay_2,1,0.05,0.9,,4.182625298329356,3,0.0002863141820958,10478,10475,0.0611133226,0.7506443914081146
C3,bursty,delay_2,2,0.05,0.9,,4.100203705500048,1,9.69743987587277e-05,10312,10309,0.0589159165999999,0.757396449704142
C3,bursty,delay_2,3,0.05,0.9,,4.035087719298246,4,0.0003851709195955,10385,10374,0.0594861514,0.7659533449007133
C3,bursty,delay_2,4,0.05,0.9,,4.081591562799616,1,9.585889570552147e-05,10432,10430,0.0597596346,0.7621284755512944
C6,bursty,delay_2,0,0.05,0.9,199.0,7.411319250697489,352,0.0338754691560003,10391,10036,0.1355917616,0.5611797528895974
C6,bursty,delay_2,1,0.05,0.9,422.0,6.059157688540647,368,0.0347760347760347,10582,10210,0.0748840424,0.63692458374143
C6,bursty,delay_2,2,0.05,0.9,527.0,8.16527806706936,631,0.0616271120226584,10239,9602,0.2120569655999999,0.4789627161008123
C6,bursty,delay_2,3,0.05,0.9,200.0,6.709506863243518,655,0.0624404194470924,10490,9835,0.0469867885999999,0.6102694458566345
C6,bursty,delay_2,4,0.05,0.9,606.0,6.221542227662178,549,0.0530076276914164,10357,9804,0.0405322075999999,0.6453488372093024
C11,bursty,delay_2,0,0.05,0.9,200.0,5.0850622406639,130,0.0126804525946156,10252,10122,0.0329309433999999,0.6757557794902194
C11,bursty,delay_2,1,0.05,0.9,34804.0,4.285255786811904,87,0.0083887763957188,10371,10282,0.0106554325999999,0.7596771056214744
C11,bursty,delay_2,2,0.05,0.9,206.0,4.917748917748917,569,0.0553933021806853,10272,9702,0.0109138105999999,0.7144918573490002
C11,bursty,delay_2,3,0.05,0.9,737.0,4.899679935987198,184,0.0180657830142366,10185,9998,0.0341785436,0.7001400280056012
C11,bursty,delay_2,4,0.05,0.9,11551.0,4.963881088409025,185,0.0175972605345762,10513,10327,0.0085840354,0.7159872179723056
C1,bursty,delay_5,0,0.05,0.9,,6.130245015375459,100,0.0098173964264677,10186,10081,0.1420476649999999,0.6490427536950699
C1,bursty,delay_5,1,0.05,0.9,,6.100864833349529,121,0.0116200902717756,10413,10291,0.1220006384,0.6485278398600719
C1,bursty,delay_5,2,0.05,0.9,,6.320509083843389,133,0.0127565701131785,10426,10293,0.1447394614,0.6410181676867774
C1,bursty,delay_5,3,0.05,0.9,,6.286367969494757,143,0.0134486974513307,10633,10490,0.1602152693999999,0.6437559580552907
C1,bursty,delay_5,4,0.05,0.9,,6.224511824158571,129,0.012496367335077,10323,10191,0.1451197294,0.6443921106858993
C2,bursty,delay_5,0,0.05,0.9,,5.60070806621376,48,0.0045709932387391,10501,10451,0.0266442894,0.6544828246100851
C2,bursty,delay_5,1,0.05,0.9,,5.545569251674269,47,0.0045388701110574,10355,10303,0.0260760616,0.65592545860429
C2,bursty,delay_5,2,0.05,0.9,,5.598482609124051,35,0.0034354142127993,10188,10149,0.0225830925999999,0.661641541038526
C2,bursty,delay_5,3,0.05,0.9,,5.550663333974236,40,0.0038295835327908,10445,10402,0.0237427374,0.6570851759277062
C2,bursty,delay_5,4,0.05,0.9,,5.656636320076665,57,0.00543115769414,10495,10435,0.0305108846,0.6607570675610924
C3,bursty,delay_5,0,0.05,0.9,,5.0812008865605485,343,0.0334014996591683,10269,9926,0.101621611,0.654543622808785
C3,bursty,delay_5,1,0.05,0.9,,5.017916456970307,358,0.0347640318508448,10298,9935,0.0958749394,0.660694514343231
C3,bursty,delay_5,2,0.05,0.9,,5.025066614033356,361,0.0344006098723079,10494,10133,0.1026467534,0.6610085858087437
C3,bursty,delay_5,3,0.05,0.9,,5.055367793240556,338,0.0325,10400,10060,0.102442812,0.6597415506958251
C3,bursty,delay_5,4,0.05,0.9,,4.9671309750476,354,0.0342492260061919,10336,9979,0.100178255,0.6626916524701874
C6,bursty,delay_5,0,0.05,0.9,267.0,6.848952035469568,411,0.0397562391178177,10338,9924,0.1018739064,0.5802095929060862
C6,bursty,delay_5,1,0.05,0.9,1407.0,6.663248033456139,560,0.0527953238427453,10607,10043,0.028920851,0.6058946529921339
C6,bursty,delay_5,2,0.05,0.9,315.0,6.532249974922259,463,0.0443826687116564,10432,9969,0.0235788434,0.6039723141739393
C6,bursty,delay_5,3,0.05,0.9,1722.0,6.2749498997996,347,0.0336012394693521,10327,9980,0.0236498624,0.6213426853707414
C6,bursty,delay_5,4,0.05,0.9,1102.0,6.782129123659178,394,0.0383380363919431,10277,9882,0.0519637334,0.5864197530864198
C11,bursty,delay_5,0,0.05,0.9,266.0,5.599504705299653,350,0.0335056480949645,10446,10095,0.02459821,0.6641901931649331
C11,bursty,delay_5,1,0.05,0.9,491.0,5.459552148476901,152,0.0150943396226415,10070,9914,0.0631870474,0.6851926568489005
C11,bursty,delay_5,2,0.05,0.9,10696.0,6.30074891604257,250,0.0240361503701567,10401,10148,0.0761505904,0.6373669688608593
C11,bursty,delay_5,3,0.05,0.9,1395.0,5.658324265505985,178,0.0173033926314766,10287,10109,0.0349047253999999,0.6494213077455733
C11,bursty,delay_5,4,0.05,0.9,555.0,4.81204651625087,155,0.0151722787783868,10216,10061,0.0283503206,0.7095716131597257
C1,bursty,delay_10,0,0.05,0.9,,6.130245015375459,100,0.0098173964264677,10186,10081,0.1420476649999999,0.6490427536950699
C1,bursty,delay_10,1,0.05,0.9,,6.100864833349529,121,0.0116200902717756,10413,10291,0.1220006384,0.6485278398600719
C1,bursty,delay_10,2,0.05,0.9,,6.320509083843389,133,0.0127565701131785,10426,10293,0.1447394614,0.6410181676867774
C1,bursty,delay_10,3,0.05,0.9,,6.286367969494757,143,0.0134486974513307,10633,10490,0.1602152693999999,0.6437559580552907
C1,bursty,delay_10,4,0.05,0.9,,6.224511824158571,129,0.012496367335077,10323,10191,0.1451197294,0.6443921106858993
C2,bursty,delay_10,0,0.05,0.9,,6.00098231827112,182,0.0175590931017848,10365,10180,0.0320271544,0.6341846758349705
C2,bursty,delay_10,1,0.05,0.9,,6.143541605553926,197,0.0188896346725477,10429,10227,0.0343142474,0.6274567321795248
C2,bursty,delay_10,2,0.05,0.9,,5.996295213025251,192,0.0183661756265544,10454,10257,0.028376176,0.6381008092034708
C2,bursty,delay_10,3,0.05,0.9,,6.161629815583663,206,0.0194983435873166,10565,10357,0.0376852874,0.6302983489427441
C2,bursty,delay_10,4,0.05,0.9,,6.066731047802993,180,0.0170842824601366,10536,10355,0.0345983716,0.6306132303235152
C3,bursty,delay_10,0,0.05,0.9,,5.388996973627324,1012,0.0985970381917381,10264,9252,0.1329273986,0.6168396022481626
C3,bursty,delay_10,1,0.05,0.9,,5.538096265918411,1153,0.1106419729392572,10421,9266,0.1388684396,0.5971292898769696
C3,bursty,delay_10,2,0.05,0.9,,5.482650862068965,1152,0.1104188632224671,10433,9280,0.1329235526,0.60625
C3,bursty,delay_10,3,0.05,0.9,,5.392479435957696,1071,0.1026451983898792,10434,9361,0.1370827613999999,0.6082683473987822
C3,bursty,delay_10,4,0.05,0.9,,5.420599489795919,1093,0.1040754142068177,10502,9408,0.130402103,0.6174532312925171
C6,bursty,delay_10,0,0.05,0.9,518.0,6.462753036437247,543,0.0520763402704517,10427,9880,0.0315535246,0.5818825910931175
C6,bursty,delay_10,1,0.05,0.9,199.0,7.037975982756851,649,0.0624098471006827,10399,9743,0.0625735254,0.5747716309145027
C6,bursty,delay_10,2,0.05,0.9,472.0,6.843788691704499,657,0.0634659969088098,10352,9692,0.0447813056,0.582955014444903
C6,bursty,delay_10,3,0.05,0.9,205.0,7.179807495392177,703,0.0671249880645469,10473,9766,0.0726666434,0.5700389105058365
C6,bursty,delay_10,4,0.05,0.9,1340.0,6.930669434353918,590,0.057684786859601,10228,9635,0.0262615883999999,0.5716658017644006
C11,bursty,delay_10,0,0.05,0.9,259.0,4.778832700379772,288,0.0279720279720279,10296,10006,0.0330197626,0.7132720367779333
C11,bursty,delay_10,1,0.05,0.9,10356.0,5.117274645764245,303,0.0295408014039192,10257,9951,0.0098584176,0.6853582554517134
C11,bursty,delay_10,2,0.05,0.9,199.0,5.452747689555799,287,0.0277267896821563,10351,10063,0.008068835,0.6704760011924873
C11,bursty,delay_10,3,0.05,0.9,205.0,5.2295049892388965,342,0.032364909624302,10567,10222,0.0439986163999999,0.6726667971042849
C11,bursty,delay_10,4,0.05,0.9,208.0,5.46160105787814,329,0.0323787028835744,10161,9831,0.0437934965999999,0.6633099379513783
C1,bursty,noise_delay,0,0.05,0.9,,6.130245015375459,100,0.0098173964264677,10186,10081,0.1420476649999999,0.6490427536950699
C1,bursty,noise_delay,1,0.05,0.9,,6.100864833349529,121,0.0116200902717756,10413,10291,0.1220006384,0.6485278398600719
C1,bursty,noise_delay,2,0.05,0.9,,6.320509083843389,133,0.0127565701131785,10426,10293,0.1447394614,0.6410181676867774
C1,bursty,noise_delay,3,0.05,0.9,,6.286367969494757,143,0.0134486974513307,10633,10490,0.1602152693999999,0.6437559580552907
C1,bursty,noise_delay,4,0.05,0.9,,6.224511824158571,129,0.012496367335077,10323,10191,0.1451197294,0.6443921106858993
C2,bursty,noise_delay,0,0.05,0.9,,5.483486417822943,46,0.0044747081712062,10280,10234,0.0252481513999999,0.6701192104748876
C2,bursty,noise_delay,1,0.05,0.9,,5.562740266140956,42,0.004122092452645,10189,10145,0.0246746055999999,0.6607195662888122
C2,bursty,noise_delay,2,0.05,0.9,,5.560772659732541,45,0.004436119873817,10144,10095,0.0251136329999999,0.6713224368499257
C2,bursty,noise_delay,3,0.05,0.9,,5.659670588235295,56,0.0052424639580602,10682,10625,0.0277004146,0.6509176470588235
C2,bursty,noise_delay,4,0.05,0.9,,5.741260772731675,53,0.0051044977366849,10383,10327,0.0290509023999999,0.6492689067492979
C3,bursty,noise_delay,0,0.05,0.9,,4.744238947680744,270,0.0260090550043348,10381,10111,0.0932017426,0.6830184947087331
C3,bursty,noise_delay,1,0.05,0.9,,4.818372650939624,293,0.0284493640159238,10299,10004,0.0859878214,0.6802279088364654
C3,bursty,noise_delay,2,0.05,0.9,,4.859175807886155,278,0.0267359107520677,10398,10119,0.0962521126,0.6758572981519912
C3,bursty,noise_delay,3,0.05,0.9,,4.876956393345802,302,0.0288580984233158,10465,10159,0.0922408964,0.679397578501821
C3,bursty,noise_delay,4,0.05,0.9,,4.7407333199759565,281,0.027377240841777,10264,9982,0.0881511134,0.6886395511921458
C6,bursty,noise_delay,0,0.05,0.9,338.0,5.873873873873874,253,0.0249605367008681,10136,9879,0.0122379829999999,0.6397408644599656
C6,bursty,noise_delay,1,0.05,0.9,414.0,7.562543675751223,441,0.0421364418115803,10466,10017,0.1517186814,0.5593491065189179
C6,bursty,noise_delay,2,0.05,0.9,245.0,6.450839091806516,418,0.0396095896901355,10553,10130,0.0515919896,0.6082922013820335
C6,bursty,noise_delay,3,0.05,0.9,218.0,5.905632700958342,270,0.0257191846065917,10498,10226,0.0048754336,0.6419910033248583
C6,bursty,noise_delay,4,0.05,0.9,2645.0,6.208333333333333,249,0.0236669518106643,10521,10272,0.0330227159999999,0.6209112149532711
C11,bursty,noise_delay,0,0.05,0.9,263.0,5.596362569668525,273,0.0259925735504141,10503,10227,0.0451689286,0.6427104722792608
C11,bursty,noise_delay,1,0.05,0.9,553.0,5.587087087087087,215,0.0210639757029489,10207,9990,0.018073647,0.6795795795795796
C11,bursty,noise_delay,2,0.05,0.9,421.0,4.815365066953377,172,0.0165321030372933,10404,10231,0.0024339165999999,0.7350210145635813
C11,bursty,noise_delay,3,0.05,0.9,209.0,5.301829268292683,887,0.0852966631406866,10399,9512,0.0962105783999999,0.6292052144659378
C11,bursty,noise_delay,4,0.05,0.9,480.0,4.995104676596188,73,0.0075459995865205,9674,9601,0.0380305066,0.687949171961254
C1,cyclical,full,0,0.2,0.9,,6.852847193773044,321,0.0256164711515441,12531,12205,0.254646122,0.6173699303564113
C1,cyclical,full,1,0.2,0.9,,6.865419482446019,363,0.0290330320723026,12503,12134,0.2577030764,0.6209823636063952
C1,cyclical,full,2,0.2,0.9,,6.725067828660692,326,0.0261008807045636,12490,12163,0.225166334,0.6185151689550276
C1,cyclical,full,3,0.2,0.9,,6.736468646864687,304,0.0244628631206244,12427,12120,0.2462426494,0.6227722772277228
C1,cyclical,full,4,0.2,0.9,,6.807278403023084,368,0.0293390735868612,12543,12173,0.257831196,0.6280292450505216
C2,cyclical,full,0,0.2,0.9,,3.87481122327319,0,0.0,12584,12581,0.010622531,0.7885700659724982
C2,cyclical,full,1,0.2,0.9,,3.883925712455972,0,0.0,12493,12492,0.0118176205999999,0.792507204610951
C2,cyclical,full,2,0.2,0.9,,3.904723843018144,0,0.0,12511,12511,0.0116033193999999,0.7881064663096475
C2,cyclical,full,3,0.2,0.9,,3.864240783501871,0,0.0,12560,12559,0.0108375014,0.7952862489051676
C2,cyclical,full,4,0.2,0.9,,3.908397553030905,0,0.0,12589,12587,0.012459705,0.788750297926432
C3,cyclical,full,0,0.2,0.9,,2.9291775715758583,0,0.0,12610,12609,0.0390699314,0.879530494091522
C3,cyclical,full,1,0.2,0.9,,2.953197257215755,0,0.0,12542,12542,0.0396056125999999,0.8801626534842928
C3,cyclical,full,2,0.2,0.9,,2.978948204639339,0,0.0,12590,12588,0.0398681313999999,0.8761518906895456
C3,cyclical,full,3,0.2,0.9,,2.97620758483034,1,7.983394539358135e-05,12526,12525,0.0411882925999999,0.8729740518962076
C3,cyclical,full,4,0.2,0.9,,2.9532247765006385,0,0.0,12528,12528,0.039531269,0.8734035759897829
C5,cyclical,full,0,0.2,0.9,16024.0,4.682720913403554,170,0.0134824331826473,12609,12437,0.0374728126,0.7238079922810967
C5,cyclical,full,1,0.2,0.9,12727.0,4.670515596183145,87,0.0069267515923566,12560,12471,0.016570433,0.7335418170154759
C5,cyclical,full,2,0.2,0.9,1127.0,4.622270919568217,210,0.0167557647809782,12533,12321,0.0242225726,0.7361415469523578
C5,cyclical,full,3,0.2,0.9,520.0,5.230750041576584,446,0.0357543690877024,12474,12026,0.0201790443999999,0.6631465158822551
C5,cyclical,full,4,0.2,0.9,310.0,4.332307692307692,134,0.0107328794553464,12485,12350,0.016259422,0.7642914979757085
C1,cyclical,noise_low,0,0.2,0.9,,6.852847193773044,321,0.0256164711515441,12531,12205,0.254646122,0.6173699303564113
C1,cyclical,noise_low,1,0.2,0.9,,6.865419482446019,363,0.0290330320723026,12503,12134,0.2577030764,0.6209823636063952
C1,cyclical,noise_low,2,0.2,0.9,,6.725067828660692,326,0.0261008807045636,12490,12163,0.225166334,0.6185151689550276
C1,cyclical,noise_low,3,0.2,0.9,,6.736468646864687,304,0.0244628631206244,12427,12120,0.2462426494,0.6227722772277228
C1,cyclical,noise_low,4,0.2,0.9,,6.807278403023084,368,0.0293390735868612,12543,12173,0.257831196,0.6280292450505216
C2,cyclical,noise_low,0,0.2,0.9,,3.9843700159489632,0,0.0,12542,12540,0.0135586845999999,0.7809409888357257
C2,cyclical,noise_low,1,0.2,0.9,,3.9929294552466654,0,0.0,12447,12446,0.0139730775999999,0.7795275590551181
C2,cyclical,noise_low,2,0.2,0.9,,4.034311367644701,0,0.0,12475,12474,0.0136456744,0.7764951098284432
C2,cyclical,noise_low,3,0.2,0.9,,4.063355619229545,0,0.0,12566,12564,0.0157616029999999,0.7722858962113976
C2,cyclical,noise_low,4,0.2,0.9,,4.073356290542164,0,0.0,12487,12487,0.0152390136,0.7752062144630416
C3,cyclical,noise_low,0,0.2,0.9,,3.10079554494829,0,0.0,12572,12570,0.0442605934,0.8609387430389817
C3,cyclical,noise_low,1,0.2,0.9,,3.0673591689972035,0,0.0,12516,12515,0.0423678429999999,0.8611266480223732
C3,cyclical,noise_low,2,0.2,0.9,,3.1109067647529187,0,0.0,12507,12506,0.0433542714,0.8581480889173196
C3,cyclical,noise_low,3,0.2,0.9,,3.0681655106433867,0,0.0,12545,12543,0.042811735,0.8621541895878179
C3,cyclical,noise_low,4,0.2,0.9,,3.050099720781811,0,0.0,12535,12535,0.0431623635999999,0.864698843238931
C6,cyclical,noise_low,0,0.2,0.9,199.0,5.190901771336554,229,0.0181013358627776,12651,12420,0.0143165776,0.7048309178743961
C6,cyclical,noise_low,1,0.2,0.9,24549.0,5.205178629957391,256,0.020542449045097,12462,12204,0.0042222165999999,0.6915765322844969
C6,cyclical,noise_low,2,0.2,0.9,236.0,5.89161520961976,208,0.0166160728550886,12518,12308,0.0276326994,0.6492525186870328
C6,cyclical,noise_low,3,0.2,0.9,1061.0,5.208457751593899,121,0.009668397922493,12515,12391,0.0273689715999999,0.6838834638043741
C6,cyclical,noise_low,4,0.2,0.9,34619.0,5.785129991090953,173,0.0138167877965018,12521,12347,0.0502815415999999,0.6692313922410302
C11,cyclical,noise_low,0,0.2,0.9,1394.0,4.60439649578196,113,0.0090821411348657,12442,12328,0.0258877044,0.7342634652822843
C11,cyclical,noise_low,1,0.2,0.9,235.0,5.688230964259426,268,0.0214468629961587,12496,12227,0.028134028,0.6524086039093808
C11,cyclical,noise_low,2,0.2,0.9,7598.0,5.524900154861847,225,0.0180043210370488,12497,12269,0.1028001845999999,0.6336294726546581
C11,cyclical,noise_low,3,0.2,0.9,9179.0,4.570290915000813,253,0.0201449159964965,12559,12306,0.0052392613999999,0.7471964895173087
C11,cyclical,noise_low,4,0.2,0.9,1730.0,3.951392281387396,192,0.0153920153920153,12474,12282,0.0112684414,0.7963686695977854
C1,cyclical,noise_high,0,0.2,0.9,,6.852847193773044,321,0.0256164711515441,12531,12205,0.254646122,0.6173699303564113
C1,cyclical,noise_high,1,0.2,0.9,,6.865419482446019,363,0.0290330320723026,12503,12134,0.2577030764,0.6209823636063952
C1,cyclical,noise_high,2,0.2,0.9,,6.725067828660692,326,0.0261008807045636,12490,12163,0.225166334,0.6185151689550276
C1,cyclical,noise_high,3,0.2,0.9,,6.736468646864687,304,0.0244628631206244,12427,12120,0.2462426494,0.6227722772277228
C1,cyclical,noise_high,4,0.2,0.9,,6.807278403023084,368,0.0293390735868612,12543,12173,0.257831196,0.6280292450505216
C2,cyclical,noise_high,0,0.2,0.9,,4.31879914224446,0,0.0,12596,12591,0.0209981155999999,0.7518862679691843
C2,cyclical,noise_high,1,0.2,0.9,,4.403942452905175,0,0.0,12582,12581,0.0229877065999999,0.7491455369207535
C2,cyclical,noise_high,2,0.2,0.9,,4.357034311765176,0,0.0,12505,12503,0.0206116415999999,0.7523794289370551
C2,cyclical,noise_high,3,0.2,0.9,,4.243635191749919,0,0.0,12413,12412,0.0196893366,0.7579761521108604
C2,cyclical,noise_high,4,0.2,0.9,,4.354262948207172,0,0.0,12552,12550,0.0209560134,0.7519521912350597
C3,cyclical,noise_high,0,0.2,0.9,,3.229907140569965,0,0.0,12492,12492,0.0455545894,0.8473422990714057
C3,cyclical,noise_high,1,0.2,0.9,,3.2706222865412444,0,0.0,12439,12438,0.0475654783999999,0.8424183952403923
C3,cyclical,noise_high,2,0.2,0.9,,3.320458370061704,0,0.0,12480,12479,0.0483036725999999,0.8372465742447311
C3,cyclical,noise_high,3,0.2,0.9,,3.31187284257847,0,0.0,12457,12457,0.0470047334,0.8408123946375532
C3,cyclical,noise_high,4,0.2,0.9,,3.230330764290302,0,0.0,12458,12456,0.0468727416,0.8439306358381503
C6,cyclical,noise_high,0,0.2,0.9,2326.0,5.786967418546366,252,0.0199667221297836,12621,12369,0.034515633,0.6525183927560838
C6,cyclical,noise_high,1,0.2,0.9,456.0,5.298836645661658,148,0.0118144807216412,12527,12378,0.0116847975999999,0.6837938277589272
C6,cyclical,noise_high,2,0.2,0.9,316.0,6.02735787052251,291,0.0233434943045082,12466,12172,0.0152090723999999,0.6396648044692738
C6,cyclical,noise_high,3,0.2,0.9,33899.0,5.825494541574325,281,0.0225413123696454,12466,12183,0.0140151889999999,0.6471312484609703
C6,cyclical,noise_high,4,0.2,0.9,5794.0,5.9794639175257736,287,0.0231209216144364,12413,12125,0.0168657106,0.6501443298969072
C11,cyclical,noise_high,0,0.2,0.9,2238.0,6.227599151297536,361,0.0286099223331748,12618,12254,0.0920185606,0.6354659702954137
C11,cyclical,noise_high,1,0.2,0.9,199.0,4.913773601322545,1040,0.0829743098771342,12534,11493,0.0578489254,0.6805881841120682
C11,cyclical,noise_high,2,0.2,0.9,10323.0,5.095480921399684,1142,0.091235919149956,12517,11374,0.0388818186,0.7158431510462459
C11,cyclical,noise_high,3,0.2,0.9,10387.0,5.035242647654541,189,0.0150801883028803,12533,12343,0.0023388846,0.7021793729239245
C11,cyclical,noise_high,4,0.2,0.9,581.0,5.856447896219168,748,0.0599983957648191,12467,11717,0.0612802616,0.632243748399761
C1,cyclical,delay_2,0,0.2,0.9,,6.852847193773044,321,0.0256164711515441,12531,12205,0.254646122,0.6173699303564113
C1,cyclical,delay_2,1,0.2,0.9,,6.865419482446019,363,0.0290330320723026,12503,12134,0.2577030764,0.6209823636063952
C1,cyclical,delay_2,2,0.2,0.9,,6.725067828660692,326,0.0261008807045636,12490,12163,0.225166334,0.6185151689550276
C1,cyclical,delay_2,3,0.2,0.9,,6.736468646864687,304,0.0244628631206244,12427,12120,0.2462426494,0.6227722772277228
C1,cyclical,delay_2,4,0.2,0.9,,6.807278403023084,368,0.0293390735868612,12543,12173,0.257831196,0.6280292450505216
C2,cyclical,delay_2,0,0.2,0.9,,4.909156452775775,0,0.0,12486,12483,0.0180929544,0.7059200512697268
C2,cyclical,delay_2,1,0.2,0.9,,5.035748483881264,0,0.0,12536,12532,0.0200640323999999,0.6916693265240983
C2,cyclical,delay_2,2,0.2,0.9,,5.012739363833026,0,0.0,12484,12481,0.0184769546,0.6950564858585049
C2,cyclical,delay_2,3,0.2,0.9,,4.873137333870318,0,0.0,12417,12415,0.017512317,0.7058397100281917
C2,cyclical,delay_2,4,0.2,0.9,,5.0279342909292914,0,0.0,12602,12601,0.018996142,0.6988334259185779
C3,cyclical,delay_2,0,0.2,0.9,,4.305894552125708,3,0.0002392344497607,12540,12537,0.0829668233999999,0.7330302305176677
C3,cyclical,delay_2,1,0.2,0.9,,4.387644910274734,11,0.0008725311334972,12607,12594,0.0826615005999999,0.7306653962204224
C3,cyclical,delay_2,2,0.2,0.9,,4.343270530248828,5,0.0003972983710766,12585,12579,0.0826259176,0.7347165911439701
C3,cyclical,delay_2,3,0.2,0.9,,4.407360102179292,0,0.0,12528,12527,0.0803284673999999,0.7302626327133391
C3,cyclical,delay_2,4,0.2,0.9,,4.388426444693453,10,0.0007997440818937,12504,12494,0.078367485,0.7271490315351369
C6,cyclical,delay_2,0,0.2,0.9,267.0,6.932037207743233,645,0.0512596360168481,12583,11933,0.0555427196,0.5796530629347189
C6,cyclical,delay_2,1,0.2,0.9,903.0,7.07307012374779,604,0.0483741790805702,12486,11879,0.0750366056,0.5680612846199175
C6,cyclical,delay_2,2,0.2,0.9,695.0,6.879039782848418,673,0.0539955070603337,12464,11789,0.0469059806,0.6014929171261345
C6,cyclical,delay_2,3,0.2,0.9,227.0,6.702689159846334,455,0.0365990990990991,12432,11974,0.084178672,0.6059796225154501
C6,cyclical,delay_2,4,0.2,0.9,328.0,7.603270949249705,671,0.0535301156761069,12535,11862,0.1338038205999999,0.5482212105884336
C11,cyclical,delay_2,0,0.2,0.9,241.0,4.8613740208877285,264,0.0210845779091126,12521,12256,0.0263774546,0.6875815926892951
C11,cyclical,delay_2,1,0.2,0.9,15518.0,5.626714922986281,487,0.039363077917879,12372,11881,0.0329123226,0.6407709788738322
C11,cyclical,delay_2,2,0.2,0.9,199.0,5.501480416208443,671,0.0537100776434803,12493,11821,0.0234939624,0.6393706116233822
C11,cyclical,delay_2,3,0.2,0.9,1724.0,5.2831541218638,526,0.0419993612264452,12524,11997,0.0131103454,0.6780028340418438
C11,cyclical,delay_2,4,0.2,0.9,885.0,5.719166881831483,856,0.0686007372976438,12478,11619,0.045500411,0.6335312849642827
C1,cyclical,delay_5,0,0.2,0.9,,6.852847193773044,321,0.0256164711515441,12531,12205,0.254646122,0.6173699303564113
C1,cyclical,delay_5,1,0.2,0.9,,6.865419482446019,363,0.0290330320723026,12503,12134,0.2577030764,0.6209823636063952
C1,cyclical,delay_5,2,0.2,0.9,,6.725067828660692,326,0.0261008807045636,12490,12163,0.225166334,0.6185151689550276
C1,cyclical,delay_5,3,0.2,0.9,,6.736468646864687,304,0.0244628631206244,12427,12120,0.2462426494,0.6227722772277228
C1,cyclical,delay_5,4,0.2,0.9,,6.807278403023084,368,0.0293390735868612,12543,12173,0.257831196,0.6280292450505216
C2,cyclical,delay_5,0,0.2,0.9,,5.940093277581216,121,0.009632224168126,12562,12436,0.0313105986,0.6321164361531039
C2,cyclical,delay_5,1,0.2,0.9,,6.068593229969965,147,0.0117901828681424,12468,12319,0.031792697,0.6244013312768893
C2,cyclical,delay_5,2,0.2,0.9,,5.990345937248592,148,0.0117628357971705,12582,12430,0.0297739094,0.6347546259050684
C2,cyclical,delay_5,3,0.2,0.9,,5.897062374245473,129,0.0102739726027397,12556,12425,0.0320259696,0.6344466800804829
C2,cyclical,delay_5,4,0.2,0.9,,6.047225785760102,125,0.0099222098745832,12598,12472,0.031908518,0.6285279025016036
C3,cyclical,delay_5,0,0.2,0.9,,5.391337005508262,573,0.0456319184518595,12557,11982,0.1326115434,0.6257719913203138
C3,cyclical,delay_5,1,0.2,0.9,,5.38090863537665,511,0.0409192825112107,12488,11974,0.1283923094,0.6332052781025556
C3,cyclical,delay_5,2,0.2,0.9,,5.458371684377877,551,0.0440694233383987,12503,11951,0.1269112986,0.6252196468914735
C3,cyclical,delay_5,3,0.2,0.9,,5.492052925022884,546,0.0434540389972144,12565,12017,0.1318299354,0.6206207872181077
C3,cyclical,delay_5,4,0.2,0.9,,5.442146684527796,538,0.0430986141151966,12483,11944,0.1310064336,0.6168787675820495
C6,cyclical,delay_5,0,0.2,0.9,760.0,6.678736065711172,585,0.0467401725790987,12516,11931,0.0330415705999999,0.5916519989942167
C6,cyclical,delay_5,1,0.2,0.9,333.0,7.028106634869261,714,0.0573125702359929,12458,11741,0.0838185379999999,0.571501575674985
C6,cyclical,delay_5,2,0.2,0.9,429.0,7.884124245038826,829,0.0667256922086284,12424,11590,0.1526941294,0.5383088869715272
C6,cyclical,delay_5,3,0.2,0.9,1037.0,7.250657838893133,708,0.056680810183332,12491,11781,0.0687940364,0.5591206179441474
C6,cyclical,delay_5,4,0.2,0.9,307.0,7.547640995558535,661,0.0524603174603174,12600,11933,0.1052355989999999,0.5436185368306378
C11,cyclical,delay_5,0,0.2,0.9,9899.0,5.369781312127237,475,0.0378576552163863,12547,12072,0.0662741846,0.6488568588469185
C11,cyclical,delay_5,1,0.2,0.9,261.0,5.747071619812584,490,0.039376406300225,12444,11952,0.0059960783999999,0.6560408299866132
C11,cyclical,delay_5,2,0.2,0.9,11898.0,5.703718974189824,376,0.0300679728108756,12505,12127,0.0154798645999999,0.6357714191473571
C11,cyclical,delay_5,3,0.2,0.9,1003.0,6.568320054827379,870,0.0693558673469387,12544,11673,0.0494291514,0.5660070247579885
C11,cyclical,delay_5,4,0.2,0.9,892.0,5.495761665706526,428,0.0340249622386517,12579,12151,0.0493582436,0.6405234137108057
C1,cyclical,delay_10,0,0.2,0.9,,6.852847193773044,321,0.0256164711515441,12531,12205,0.254646122,0.6173699303564113
C1,cyclical,delay_10,1,0.2,0.9,,6.865419482446019,363,0.0290330320723026,12503,12134,0.2577030764,0.6209823636063952
C1,cyclical,delay_10,2,0.2,0.9,,6.725067828660692,326,0.0261008807045636,12490,12163,0.225166334,0.6185151689550276
C1,cyclical,delay_10,3,0.2,0.9,,6.736468646864687,304,0.0244628631206244,12427,12120,0.2462426494,0.6227722772277228
C1,cyclical,delay_10,4,0.2,0.9,,6.807278403023084,368,0.0293390735868612,12543,12173,0.257831196,0.6280292450505216
C2,cyclical,delay_10,0,0.2,0.9,,6.527644031213681,445,0.0356256504683372,12491,12046,0.0433015234,0.5978748132160053
C2,cyclical,delay_10,1,0.2,0.9,,6.663394342762063,458,0.0366957775819245,12481,12020,0.0452520854,0.5920133111480865
C2,cyclical,delay_10,2,0.2,0.9,,6.691631417433856,492,0.039200063739941,12551,12057,0.0426216224,0.5824832047773078
C2,cyclical,delay_10,3,0.2,0.9,,6.487022648371632,452,0.0360101975780752,12552,12098,0.0428868329999999,0.5958836171267978
C2,cyclical,delay_10,4,0.2,0.9,,6.745490650339235,467,0.0371904117225452,12557,12086,0.050982313,0.5928346847592255
C3,cyclical,delay_10,0,0.2,0.9,,6.085190642843986,1723,0.1369307796233012,12583,10858,0.1761303246,0.5518511696445018
C3,cyclical,delay_10,1,0.2,0.9,,6.048604694141564,1723,0.137334608640204,12546,10822,0.1766457986,0.5500831639253373
C3,cyclical,delay_10,2,0.2,0.9,,6.055612197608675,1601,0.1291962556488056,12392,10789,0.1727175159999999,0.5579757160070442
C3,cyclical,delay_10,3,0.2,0.9,,5.955776672194583,1649,0.1318672530987605,12505,10854,0.1795845333999999,0.5707573244886678
C3,cyclical,delay_10,4,0.2,0.9,,6.103211009174312,1639,0.1306809121352256,12542,10900,0.1801285766,0.5554128440366972
C6,cyclical,delay_10,0,0.2,0.9,199.0,7.625405220952055,876,0.0695127757498809,12602,11722,0.1657481134,0.5465790820679065
C6,cyclical,delay_10,1,0.2,0.9,350.0,7.688541849447271,1040,0.0836012861736334,12440,11398,0.1189159144,0.5187752237234603
C6,cyclical,delay_10,2,0.2,0.9,243.0,7.527130449737725,852,0.0682582919403941,12482,11629,0.083962315,0.5407171725857769
C6,cyclical,delay_10,3,0.2,0.9,1845.0,7.569462704882111,1063,0.0852104208416833,12475,11409,0.1045854614,0.545884827767552
C6,cyclical,delay_10,4,0.2,0.9,296.0,7.909993155373032,848,0.0676289975277135,12539,11688,0.200451098,0.5109514031485284
C11,cyclical,delay_10,0,0.2,0.9,1678.0,6.183909007276073,607,0.0483049498647143,12566,11957,0.0265427434,0.5896127791251986
C11,cyclical,delay_10,1,0.2,0.9,10322.0,5.843110962118672,517,0.0415227692554814,12451,11932,0.0333436936,0.6328360710693932
C11,cyclical,delay_10,2,0.2,0.9,234.0,5.70889331342293,503,0.0400541487498009,12558,12054,0.0107131365999999,0.6299983407997345
C11,cyclical,delay_10,3,0.2,0.9,2177.0,5.772241695877149,588,0.0467743218518813,12571,11982,0.0085630735999999,0.627941912869304
C11,cyclical,delay_10,4,0.2,0.9,3905.0,5.7734660033167495,535,0.0424704294673334,12597,12060,0.0102107766,0.6432006633499171
C1,cyclical,noise_delay,0,0.2,0.9,,6.852847193773044,321,0.0256164711515441,12531,12205,0.254646122,0.6173699303564113
C1,cyclical,noise_delay,1,0.2,0.9,,6.865419482446019,363,0.0290330320723026,12503,12134,0.2577030764,0.6209823636063952
C1,cyclical,noise_delay,2,0.2,0.9,,6.725067828660692,326,0.0261008807045636,12490,12163,0.225166334,0.6185151689550276
C1,cyclical,noise_delay,3,0.2,0.9,,6.736468646864687,304,0.0244628631206244,12427,12120,0.2462426494,0.6227722772277228
C1,cyclical,noise_delay,4,0.2,0.9,,6.807278403023084,368,0.0293390735868612,12543,12173,0.257831196,0.6280292450505216
C2,cyclical,noise_delay,0,0.2,0.9,,5.797990353697749,85,0.0067842605156037,12529,12440,0.0307308626,0.6380225080385852
C2,cyclical,noise_delay,1,0.2,0.9,,5.975910455024739,130,0.0104325495546103,12461,12329,0.0344177346,0.6307080866250304
C2,cyclical,noise_delay,2,0.2,0.9,,5.967969816167616,94,0.0074858644580711,12557,12457,0.0310176436,0.6222204383077787
C2,cyclical,noise_delay,3,0.2,0.9,,5.874768313320977,94,0.0075175943698016,12504,12409,0.0350825866,0.6419534209041825
C2,cyclical,noise_delay,4,0.2,0.9,,5.969550895798184,99,0.0078897035384124,12548,12447,0.0380793536,0.6313167831606009
C3,cyclical,noise_delay,0,0.2,0.9,,5.230915399867812,453,0.0360697507763356,12559,12104,0.1258654894,0.6389623265036352
C3,cyclical,noise_delay,1,0.2,0.9,,5.187355562892043,426,0.0339577520924671,12545,12116,0.1245089793999999,0.6430340046219875
C3,cyclical,noise_delay,2,0.2,0.9,,5.273522064945879,441,0.0354131534569983,12453,12010,0.1158960065999999,0.6434637801831807
C3,cyclical,noise_delay,3,0.2,0.9,,5.15045643153527,446,0.0356828546283702,12499,12050,0.1204810594,0.6414107883817427
C3,cyclical,noise_delay,4,0.2,0.9,,5.1763192831065385,444,0.03552,12500,12052,0.1199051756,0.6464487222037836
C6,cyclical,noise_delay,0,0.2,0.9,232.0,7.070614655244116,463,0.0370815313150728,12486,12023,0.1245641456,0.5688264160359311
C6,cyclical,noise_delay,1,0.2,0.9,2296.0,7.246638269439573,589,0.0468874383060022,12562,11973,0.1377915874,0.5664411592750355
C6,cyclical,noise_delay,2,0.2,0.9,467.0,7.532874874203287,622,0.04956570244641,12549,11924,0.1772429094,0.5628983562562898
C6,cyclical,noise_delay,3,0.2,0.9,1002.0,7.437165327978581,582,0.0464299960111687,12535,11952,0.1543282763999999,0.5555555555555556
C6,cyclical,noise_delay,4,0.2,0.9,199.0,7.623238838906807,795,0.0631905253954375,12581,11782,0.1514435106,0.5449838737056527
C11,cyclical,noise_delay,0,0.2,0.9,16828.0,4.907374926918901,491,0.0393871330017648,12466,11973,0.0518363514,0.6944792449678443
C11,cyclical,noise_delay,1,0.2,0.9,333.0,6.255970968014179,670,0.0535101030269147,12521,11849,0.013673741,0.5949869187273188
C11,cyclical,noise_delay,2,0.2,0.9,250.0,6.511627906976744,1103,0.0882258838585826,12502,11395,0.0499752933999999,0.6179025888547609
C11,cyclical,noise_delay,3,0.2,0.9,11227.0,5.477163660433559,410,0.0328078738897335,12497,12086,0.0088962343999999,0.6682938937613768
C11,cyclical,noise_delay,4,0.2,0.9,584.0,5.9805129070356,580,0.0466350406046474,12437,11854,0.0119483113999999,0.6308419099038299
C8,steady,noise_low,0,0.2,0.95,628.0,6.415495217921561,403,0.0252111354394745,15985,15579,0.0218574605999999,0.5905385454778869
C8,steady,noise_low,1,0.2,0.95,598.0,6.513846944676477,445,0.0277899206894398,16013,15563,0.0241772746,0.5782946732635096
C8,steady,noise_low,2,0.2,0.95,8635.0,6.181637111282447,339,0.0213086931925325,15909,15564,0.0095333004,0.6165510151631971
C8,steady,noise_low,3,0.2,0.95,1283.0,5.867430754536771,267,0.0167115228140451,15977,15705,0.0295257086,0.6210760904170646
C8,steady,noise_low,4,0.2,0.95,411.0,6.10954377938747,260,0.016240864513711,16009,15738,0.0155408593999999,0.6159613673910281
C12,steady,noise_low,0,0.2,0.95,,3.2054010329164333,0,0.0,16075,16071,0.0703114666,0.8524049530209694
C12,steady,noise_low,1,0.2,0.95,,3.2180068301769635,0,0.0,16106,16105,0.0716582294,0.8484942564420987
C12,steady,noise_low,2,0.2,0.95,,3.1974502292281604,0,0.0,15926,15923,0.0685171326,0.8521007347861584
C12,steady,noise_low,3,0.2,0.95,,3.1100848256361924,0,0.0,15917,15915,0.0654473976,0.8639019792648445
C12,steady,noise_low,4,0.2,0.95,,3.12471073863281,0,0.0,15991,15989,0.0674554646,0.8584651948214398
C13,steady,noise_low,0,0.2,0.95,1292.0,6.590450571620713,4162,0.2591370400348671,16061,11896,0.6149262236000002,0.4605749831876261
C13,steady,noise_low,1,0.2,0.95,514.0,6.092328625113386,650,0.0403977625854568,16090,15434,0.0379752164,0.6011403395101723
C13,steady,noise_low,2,0.2,0.95,693.0,6.127021671034968,317,0.01985469121884,15966,15643,0.0394341524,0.6056383046730167
C13,steady,noise_low,3,0.2,0.95,306.0,5.601901743264659,172,0.0107823470411233,15952,15775,0.0175175694,0.6422820919175911
C13,steady,noise_low,4,0.2,0.95,2500.0,5.9889379116311785,313,0.0196176747101222,15955,15639,0.0135861069999999,0.6180062663853187
C8,steady,noise_high,0,0.2,0.95,199.0,6.017123941689477,234,0.0146736063209381,15947,15709,0.0287127615999999,0.6281112737920937
C8,steady,noise_high,1,0.2,0.95,1959.0,6.242010588760604,377,0.0234803188839063,16056,15677,0.0076528866,0.5925240798622186
C8,steady,noise_high,2,0.2,0.95,199.0,6.631403261009115,342,0.0214756671899529,15925,15578,0.0244584625999999,0.582873282834767
C8,steady,noise_high,3,0.2,0.95,1239.0,6.285401224621334,441,0.0276333103577918,15959,15515,0.0142199753999999,0.6007089912987431
C8,steady,noise_high,4,0.2,0.95,497.0,6.830384615384616,424,0.0264553565857615,16027,15600,0.0624432079999999,0.5741666666666667
C12,steady,noise_high,0,0.2,0.95,,3.393354231974921,0,0.0,15951,15950,0.081239839,0.830282131661442
C12,steady,noise_high,1,0.2,0.95,,3.4452627636999127,0,0.0,16024,16022,0.0837426435999999,0.8241168393458994
C12,steady,noise_high,2,0.2,0.95,,3.427784386151631,0,0.0,15975,15973,0.0822440966,0.825518061729168
C12,steady,noise_high,3,0.2,0.95,,3.3438010300213543,0,0.0,15927,15922,0.0784110606,0.8352593895239292
C12,steady,noise_high,4,0.2,0.95,,3.41548901201519,0,0.0,16067,16063,0.0845908019999999,0.82742949635809
C13,steady,noise_high,0,0.2,0.95,199.0,5.900678632587049,319,0.0198247467528432,16091,15767,0.0249126773999999,0.6041098496860532
C13,steady,noise_high,1,0.2,0.95,11783.0,5.694705268648931,702,0.0437655860349127,16040,15336,0.0898962914,0.6270213875847679
C13,steady,noise_high,2,0.2,0.95,491.0,5.885685950413223,770,0.0484276729559748,15900,15125,0.1199775824,0.6210247933884298
C13,steady,noise_high,3,0.2,0.95,5249.0,5.552626527608932,391,0.0244024215190663,16023,15629,0.036604693,0.6406679889948174
C13,steady,noise_high,4,0.2,0.95,429.0,6.100455753892898,231,0.0144077839456121,16033,15798,0.0112304395999999,0.6067856690720345
C8,steady,delay_2,0,0.2,0.95,13558.0,6.055335454958758,640,0.0399027370783714,16039,15397,0.2247371784,0.6000519581736702
C8,steady,delay_2,1,0.2,0.95,299.0,7.530903328050713,920,0.0572459710036712,16071,15144,0.2707835166,0.5215927099841522
C8,steady,delay_2,2,0.2,0.95,6358.0,5.914877202005915,438,0.027375,16000,15554,0.1100865519999999,0.6061463289186061
C8,steady,delay_2,3,0.2,0.95,3353.0,6.165519927301052,518,0.0325274725274725,15925,15406,0.0845355543999999,0.5819161365701675
C8,steady,delay_2,4,0.2,0.95,444.0,5.791303215727119,559,0.0351086546916216,15922,15362,0.0726497686,0.6183439656294754
C12,steady,delay_2,0,0.2,0.95,,3.8088024437379215,0,0.0,16044,16041,0.1433625426,0.7831805997132348
C12,steady,delay_2,1,0.2,0.95,,3.857417872446128,1,6.208480784751971e-05,16107,16103,0.1444042866,0.7744519654722722
C12,steady,delay_2,2,0.2,0.95,,3.823588456712673,0,0.0,15942,15940,0.139268437,0.7818067754077792
C12,steady,delay_2,3,0.2,0.95,,3.774838588353288,1,6.266449429753102e-05,15958,15953,0.1367842776,0.7853068388390898
C12,steady,delay_2,4,0.2,0.95,,3.7512865570478224,0,0.0,15939,15934,0.1383209816,0.7908246516882139
C13,steady,delay_2,0,0.2,0.95,642.0,3.852950339585021,1,6.230141424210329e-05,16051,16049,0.1312456225999999,0.7735684466321889
C13,steady,delay_2,1,0.2,0.95,291.0,3.831426964185261,1,6.248437890527369e-05,16004,15999,0.099525617,0.7860491280705044
C13,steady,delay_2,2,0.2,0.95,199.0,4.054388055956339,0,0.0,15945,15941,0.1012080434,0.7608054701712565
C13,steady,delay_2,3,0.2,0.95,494.0,4.052140126590211,0,0.0,15960,15957,0.0666272503999999,0.7581625618850661
C13,steady,delay_2,4,0.2,0.95,418.0,3.923563686485809,0,0.0,15962,15961,0.0715175834,0.7761418457490132
C8,steady,delay_5,0,0.2,0.95,11659.0,5.940904716073147,435,0.0271501685182873,16022,15585,0.0884596186,0.6068014116137311
C8,steady,delay_5,1,0.2,0.95,210.0,7.446931361100298,648,0.0403286034353995,16068,15414,0.1576047804,0.5002595043466979
C8,steady,delay_5,2,0.2,0.95,256.0,6.879012669861485,667,0.0419470473555122,15901,15233,0.0190949194,0.5451979255563579
C8,steady,delay_5,3,0.2,0.95,199.0,5.892870980240217,466,0.0292034843642288,15957,15486,0.0523238473999999,0.5949890223427612
C8,steady,delay_5,4,0.2,0.95,991.0,6.954081632653061,911,0.0569090454772613,16008,15092,0.0859546403999999,0.5236549165120594
C12,steady,delay_5,0,0.2,0.95,,4.117672682016179,5,0.0003110032966349,16077,16070,0.1143542195999999,0.7514623522090853
C12,steady,delay_5,1,0.2,0.95,,4.111957064403395,3,0.0001871724482156,16028,16024,0.113726569,0.7586744882675986
C12,steady,delay_5,2,0.2,0.95,,4.075092378029686,3,0.0001878287002253,15972,15967,0.1112136426,0.7576251017724056
C12,steady,delay_5,3,0.2,0.95,,4.065805966407621,3,0.0001879817031142,15959,15956,0.1127697095999999,0.7510027575833542
C12,steady,delay_5,4,0.2,0.95,,4.032667876588022,3,0.0001876759461995,15985,15979,0.1109663744,0.7621878715814506
C13,steady,delay_5,0,0.2,0.95,199.0,4.189868691268903,29,0.0018009066633546,16103,16069,0.1785017484,0.7402451926068828
C13,steady,delay_5,1,0.2,0.95,571.0,4.1827896512935885,27,0.0016843418590143,16030,16002,0.1724982276,0.742344706911636
C13,steady,delay_5,2,0.2,0.95,1943.0,4.116086026914854,26,0.0016322430786615,15929,15902,0.1726077646,0.7458181360835116
C13,steady,delay_5,3,0.2,0.95,1233.0,4.040736040609137,32,0.0020259575815131,15795,15760,0.1663154266,0.7548223350253808
C13,steady,delay_5,4,0.2,0.95,437.0,4.157344615193181,27,0.0016767062038129,16103,16073,0.1679011,0.7380700553723636
C8,steady,delay_10,0,0.2,0.95,199.0,6.788365429466249,1060,0.0659491071984072,16073,15007,0.2073529045999999,0.5310854934363963
C8,steady,delay_10,1,0.2,0.95,199.0,10.032918362461096,7675,0.4787300399201596,16032,8354,1.3254140313999998,0.2070864256643524
C8,steady,delay_10,2,0.2,0.95,503.0,6.2492023181611,521,0.0328064983313393,15881,15357,0.2060763906,0.5762193136680341
C8,steady,delay_10,3,0.2,0.95,562.0,6.752109020116808,597,0.0372798801049082,16014,15410,0.0460390336,0.5473718364698248
C8,steady,delay_10,4,0.2,0.95,619.0,5.6807794393733415,597,0.0372078529136802,16045,15447,0.1957723064,0.5983686152651
C12,steady,delay_10,0,0.2,0.95,,4.329043194374686,86,0.0053699656571963,16015,15928,0.1326204094,0.7312280261175289
C12,steady,delay_10,1,0.2,0.95,,4.341833218470021,79,0.0049239591124407,16044,15961,0.1336173333999999,0.7319090282563749
C12,steady,delay_10,2,0.2,0.95,,4.36164056111216,82,0.0051314142678347,15980,15897,0.1376532993999999,0.7272441341133548
C12,steady,delay_10,3,0.2,0.95,,4.258242447035227,69,0.0043060409385921,16024,15954,0.133180418,0.7347373699385734
C12,steady,delay_10,4,0.2,0.95,,4.315019688730546,90,0.0055917986952469,16095,15999,0.1331037465999999,0.7308581786361648
C13,steady,delay_10,0,0.2,0.95,726.0,4.3641260098954096,150,0.0093057882002605,16119,15967,0.1888071815999999,0.7174798020918144
C13,steady,delay_10,1,0.2,0.95,1893.0,4.3357174226739446,122,0.0075960400971296,16061,15939,0.1775991066,0.7235711148754627
C13,steady,delay_10,2,0.2,0.95,199.0,4.297460777518745,95,0.0059497714035197,15967,15871,0.1682605114,0.72736437527566
C13,steady,delay_10,3,0.2,0.95,1713.0,4.271767976747125,84,0.0052793664760228,15911,15826,0.173265633,0.7265259699229116
C13,steady,delay_10,4,0.2,0.95,416.0,4.300138748738648,118,0.0073865414710485,15975,15856,0.1710741833999999,0.7294399596367306
C8,steady,noise_delay,0,0.2,0.95,624.0,7.888459681313376,3654,0.2271399266488468,16087,12426,0.2703667776,0.4608884596813133
C8,steady,noise_delay,1,0.2,0.95,292.0,6.951899229865552,804,0.0498511904761904,16128,15322,0.0670508696,0.56056650567811
C8,steady,noise_delay,2,0.2,0.95,481.0,7.242625946228139,640,0.0400751408891671,15970,15324,0.0796976964,0.5181414774210389
C8,steady,noise_delay,3,0.2,0.95,199.0,7.205172413793103,883,0.0553050231742452,15966,15080,0.0701687624,0.545026525198939
C8,steady,noise_delay,4,0.2,0.95,527.0,7.332918848167539,744,0.0464187671574744,16028,15280,0.0911385374,0.5357984293193717
C12,steady,noise_delay,0,0.2,0.95,,4.096689732560314,16,0.0009963260476991,16059,16041,0.1172326806,0.7540677015148681
C12,steady,noise_delay,1,0.2,0.95,,4.139077382805205,10,0.0006221613886642,16073,16063,0.1193906486,0.7507937496109071
C12,steady,noise_delay,2,0.2,0.95,,4.152588043614488,12,0.0007512207336922,15974,15958,0.1165756543999999,0.7493420228098759
C12,steady,noise_delay,3,0.2,0.95,,4.009992458521871,17,0.0010670348983178,15932,15912,0.1077094726,0.7635746606334841
C12,steady,noise_delay,4,0.2,0.95,,4.113125,20,0.0012479720454261,16026,16000,0.1209559476,0.7531875
C13,steady,noise_delay,0,0.2,0.95,1462.0,4.1802336477790965,38,0.0023681914495824,16046,16007,0.1763966715999999,0.7402386455925533
C13,steady,noise_delay,1,0.2,0.95,520.0,4.181642572283151,28,0.0017414018284719,16079,16048,0.1706160063999999,0.7470089730807578
C13,steady,noise_delay,2,0.2,0.95,486.0,4.159596465943982,36,0.0022507033447952,15995,15959,0.1676818083999999,0.7471019487436557
C13,steady,noise_delay,3,0.2,0.95,981.0,4.111620027606977,25,0.0015660235529942,15964,15938,0.1549215695999999,0.7503450872129502
C13,steady,noise_delay,4,0.2,0.95,1211.0,4.139173326673327,27,0.0016827672172016,16045,16016,0.16661364,0.7482517482517482
C8,bursty,noise_low,0,0.05,0.9,214.0,5.611586127389759,87,0.0082888719512195,10496,10409,0.0275992956,0.6573157844173312
C8,bursty,noise_low,1,0.05,0.9,4592.0,5.044909317723826,113,0.0107241150232514,10537,10421,0.0080136143999999,0.7031954706841954
C8,bursty,noise_low,2,0.05,0.9,431.0,5.02808772604848,91,0.008673274876096,10492,10396,0.0042122266,0.7095998460946518
C8,bursty,noise_low,3,0.05,0.9,199.0,5.362673926194797,206,0.0203436697610112,10126,9918,0.0231919274,0.6703972575115951
C8,bursty,noise_low,4,0.05,0.9,487.0,6.033522331642296,160,0.0156540455924077,10221,10053,0.0496088776,0.6537352034218641
C12,bursty,noise_low,0,0.05,0.9,,2.935365618367741,0,0.0,10367,10366,0.0287271573999999,0.875844105730272
C12,bursty,noise_low,1,0.05,0.9,,3.0053665548634405,0,0.0,10435,10435,0.0300647074,0.8698610445615717
C12,bursty,noise_low,2,0.05,0.9,,2.978791291291292,0,0.0,10657,10656,0.0308429345999999,0.8718093093093093
C12,bursty,noise_low,3,0.05,0.9,,2.8871706758304696,0,0.0,10476,10476,0.0305049239999999,0.8821114929362353
C12,bursty,noise_low,4,0.05,0.9,,2.863302934179223,0,0.0,10089,10088,0.0260287026,0.8879857256145915
C13,bursty,noise_low,0,0.05,0.9,199.0,4.000869565217391,134,0.0127777248021359,10487,10350,0.0212239486,0.7910144927536232
C13,bursty,noise_low,1,0.05,0.9,482.0,4.456421342242311,211,0.0203118983442433,10388,10177,0.0027395624,0.7506141299007566
C13,bursty,noise_low,2,0.05,0.9,18988.0,5.068479938271605,124,0.0118174020775755,10493,10368,0.0080869126,0.7000385802469136
C13,bursty,noise_low,3,0.05,0.9,21684.0,4.540574768631271,153,0.0146861201766173,10418,10265,0.0114707713999999,0.7398928397467122
C13,bursty,noise_low,4,0.05,0.9,199.0,5.174134220309137,242,0.0231247013855709,10465,10222,0.0129065633999999,0.6904715319898259
C8,bursty,noise_high,0,0.05,0.9,199.0,5.909370962933519,175,0.0170848384262423,10243,10063,0.0286181624,0.6474212461492597
C8,bursty,noise_high,1,0.05,0.9,424.0,6.106253675749853,239,0.0228839525086173,10444,10202,0.0374869813999999,0.6391883944324642
C8,bursty,noise_high,2,0.05,0.9,623.0,6.327249781574604,252,0.0238726790450928,10556,10301,0.0501875644,0.6228521502766722
C8,bursty,noise_high,3,0.05,0.9,200.0,5.829317269076305,205,0.0192235558889722,10664,10458,0.0240907285999999,0.6559571619812584
C8,bursty,noise_high,4,0.05,0.9,8983.0,5.542349592698008,191,0.0183936825885978,10384,10189,0.0125172045999999,0.6914319364020022
C12,bursty,noise_high,0,0.05,0.9,,3.13494094488189,0,0.0,10160,10160,0.0342213754,0.8580708661417323
C12,bursty,noise_high,1,0.05,0.9,,3.189630201795887,2,0.0001930315606601,10361,10357,0.0352584963999999,0.8476392777831419
C12,bursty,noise_high,2,0.05,0.9,,3.147933491686461,0,0.0,10529,10525,0.0341484896,0.8562470308788599
C12,bursty,noise_high,3,0.05,0.9,,3.105258207130092,0,0.0,10633,10631,0.0348381214,0.8593735302417458
C12,bursty,noise_high,4,0.05,0.9,,3.051535302170937,0,0.0,10227,10226,0.0327858796,0.8670056718169372
C13,bursty,noise_high,0,0.05,0.9,266.0,5.34052781320514,107,0.0103883495145631,10300,10193,0.0495770365999999,0.6856666339644855
C13,bursty,noise_high,1,0.05,0.9,516.0,4.700241196333816,91,0.0087023046762933,10457,10365,0.0361536174,0.710660877954655
C13,bursty,noise_high,2,0.05,0.9,621.0,5.020467252396166,252,0.0245398773006134,10269,10016,0.0438657086,0.6994808306709265
C13,bursty,noise_high,3,0.05,0.9,372.0,4.723474543334629,94,0.0090506450991719,10386,10292,0.0365637905999999,0.7237660318694131
C13,bursty,noise_high,4,0.05,0.9,467.0,4.43265503875969,46,0.0044367283950617,10368,10320,0.0290457445999999,0.7415697674418604
C8,bursty,delay_2,0,0.05,0.9,10955.0,5.1260655902116135,278,0.0271140154101238,10253,9971,0.0406294465999999,0.6912044930297864
C8,bursty,delay_2,1,0.05,0.9,548.0,5.352390640895218,527,0.0508638162339542,10361,9830,0.127398499,0.6848423194303154
C8,bursty,delay_2,2,0.05,0.9,397.0,4.583035109778509,96,0.0091989267918742,10436,10339,0.0503704986,0.71815456040236
C8,bursty,delay_2,3,0.05,0.9,1955.0,4.830243902439024,161,0.0154644126404764,10411,10250,0.0527156659999999,0.709170731707317
C8,bursty,delay_2,4,0.05,0.9,199.0,4.600173711638679,204,0.0193053846881801,10567,10362,0.019735484,0.7336421540243196
C12,bursty,delay_2,0,0.05,0.9,,3.380826321263118,0,0.0,10578,10577,0.0536571554,0.831143046232391
C12,bursty,delay_2,1,0.05,0.9,,3.503452906196048,0,0.0,10428,10426,0.058185882,0.8216957605985037
C12,bursty,delay_2,2,0.05,0.9,,3.420490196078432,1,9.797198001371608e-05,10207,10200,0.0505751344,0.8255882352941176
C12,bursty,delay_2,3,0.05,0.9,,3.499321047526673,0,0.0,10311,10310,0.0564746313999999,0.815615906886518
C12,bursty,delay_2,4,0.05,0.9,,3.410617236024845,0,0.0,10305,10304,0.0518461286,0.8222049689440993
C13,bursty,delay_2,0,0.05,0.9,200.0,3.538212815990594,2,0.0001959247648902,10208,10206,0.043618388,0.8139329805996472
C13,bursty,delay_2,1,0.05,0.9,34804.0,3.420654911838791,2,0.0001937046004842,10325,10322,0.0444469153999999,0.8276496802945166
C13,bursty,delay_2,2,0.05,0.9,206.0,3.844947901730236,0,0.0,10461,10461,0.0238973573999999,0.8020265748972374
C13,bursty,delay_2,3,0.05,0.9,737.0,3.664667715296893,0,0.0,10172,10172,0.024278123,0.799547778214707
C13,bursty,delay_2,4,0.05,0.9,11551.0,3.4795549638645875,0,0.0,10519,10516,0.0231730674,0.8212248003042982
C8,bursty,delay_5,0,0.05,0.9,427.0,6.311187438665359,271,0.0258983180428134,10464,10190,0.0603439094,0.6112855740922473
C8,bursty,delay_5,1,0.05,0.9,418.0,5.844815858517151,170,0.0162477300965306,10463,10291,0.0530801495999999,0.6555242444854728
C8,bursty,delay_5,2,0.05,0.9,16327.0,4.715302144249513,111,0.0106998264893001,10374,10260,0.0128456616,0.7269005847953216
C8,bursty,delay_5,3,0.05,0.9,202.0,5.269949933585369,279,0.0276950565812983,10074,9787,0.0614983105999999,0.6656789618882191
C8,bursty,delay_5,4,0.05,0.9,331.0,5.462318113396889,300,0.0292169848071679,10268,9965,0.067779761,0.639136979427998
C12,bursty,delay_5,0,0.05,0.9,,3.608326981707317,3,0.0002857414991903,10499,10496,0.0463704956,0.8055449695121951
C12,bursty,delay_5,1,0.05,0.9,,3.690181124880839,6,0.0005715918833952,10497,10490,0.0477023154,0.7943755958055291
C12,bursty,delay_5,2,0.05,0.9,,3.635803676183027,1,9.775171065493646e-05,10230,10228,0.044546001,0.8065115369573719
C12,bursty,delay_5,3,0.05,0.9,,3.649117732137692,1,9.640412609659692e-05,10373,10371,0.047909388,0.7978979847652107
C12,bursty,delay_5,4,0.05,0.9,,3.622355631789594,2,0.0001904943327935,10499,10494,0.0463460176,0.8005526967791119
C13,bursty,delay_5,0,0.05,0.9,266.0,3.7559668777398927,10,0.0009731413001167,10276,10265,0.0638176855999999,0.785776911836337
C13,bursty,delay_5,1,0.05,0.9,491.0,3.69446557626474,12,0.0011396011396011,10530,10516,0.0540637384,0.7956447318372004
C13,bursty,delay_5,2,0.05,0.9,10696.0,3.566159882295243,6,0.0005881776296441,10201,10195,0.0582463825999999,0.8130456105934282
C13,bursty,delay_5,3,0.05,0.9,1395.0,3.710585039293684,18,0.0017431725740848,10326,10307,0.0476901634,0.7977102939749685
C13,bursty,delay_5,4,0.05,0.9,555.0,3.518882769472856,4,0.0003931590328287,10174,10168,0.0533280956,0.8133359559402046
C8,bursty,delay_10,0,0.05,0.9,1395.0,6.204979674796748,402,0.0392309944373963,10247,9840,0.066123977,0.6034552845528456
C8,bursty,delay_10,1,0.05,0.9,1908.0,5.738733488733489,332,0.0312382386149793,10628,10296,0.1982625149999999,0.6042152292152292
C8,bursty,delay_10,2,0.05,0.9,335.0,5.409015513708654,318,0.0300936878962808,10567,10249,0.1520393796,0.6259147233876475
C8,bursty,delay_10,3,0.05,0.9,199.0,7.264936944387017,431,0.0426310583580613,10110,9674,0.0986800364,0.5108538350217077
C8,bursty,delay_10,4,0.05,0.9,456.0,8.874847250509164,399,0.0390334572490706,10222,9820,0.2845701704,0.4491853360488798
C12,bursty,delay_10,0,0.05,0.9,,3.687698986975398,26,0.0025004808617041,10398,10365,0.0482845494,0.7963338157260009
C12,bursty,delay_10,1,0.05,0.9,,3.7023395204949727,27,0.0026031623602005,10372,10344,0.0475868465999999,0.7926334106728539
C12,bursty,delay_10,2,0.05,0.9,,3.731144374698213,37,0.0035594035594035,10395,10355,0.0486311986,0.792563978754225
C12,bursty,delay_10,3,0.05,0.9,,3.628736646084485,22,0.0021515892420537,10225,10203,0.0480548113999999,0.7992747231206508
C12,bursty,delay_10,4,0.05,0.9,,3.659851301115242,32,0.0031183005262132,10262,10222,0.0491706295999999,0.7992565055762082
C13,bursty,delay_10,0,0.05,0.9,259.0,3.761881854916298,42,0.0040237593408698,10438,10394,0.0653094606,0.7817971906869348
C13,bursty,delay_10,1,0.05,0.9,10356.0,3.739731398882464,32,0.0031271376917814,10233,10201,0.0620034616,0.7865895500441134
C13,bursty,delay_10,2,0.05,0.9,199.0,3.77852998065764,55,0.0052910052910052,10395,10340,0.062038031,0.7855899419729206
C13,bursty,delay_10,3,0.05,0.9,205.0,3.7375171333463872,35,0.0034149673138842,10249,10214,0.0627146713999999,0.7947914626982573
C13,bursty,delay_10,4,0.05,0.9,208.0,3.67698127849452,45,0.0043461464168437,10354,10309,0.0584326906,0.8011446309050344
C8,bursty,noise_delay,0,0.05,0.9,882.0,7.591461577096936,354,0.034338927151033,10309,9955,0.1441274746,0.5329984932194877
C8,bursty,noise_delay,1,0.05,0.9,425.0,5.714984829206225,302,0.0286935866983372,10525,10217,0.0481563663999999,0.6431437799745522
C8,bursty,noise_delay,2,0.05,0.9,2089.0,5.918538453576234,548,0.0536623580101841,10212,9661,0.0494791254,0.6349239209191595
C8,bursty,noise_delay,3,0.05,0.9,696.0,5.565016374494317,160,0.0151773856953139,10542,10382,0.0158768194,0.6571951454440378
C8,bursty,noise_delay,4,0.05,0.9,11560.0,4.654816165299301,179,0.0178020885131775,10055,9873,0.0181110663999999,0.7246024511293426
C12,bursty,noise_delay,0,0.05,0.9,,3.565724278635966,4,0.0003884249368809,10298,10293,0.0450339224,0.808024871271738
C12,bursty,noise_delay,1,0.05,0.9,,3.606609499951826,3,0.0002889616644191,10382,10379,0.0438861923999999,0.7999807303208402
C12,bursty,noise_delay,2,0.05,0.9,,3.7676496013831526,9,0.0008637236084452,10420,10411,0.0500782633999999,0.7914705599846317
C12,bursty,noise_delay,3,0.05,0.9,,3.62110843373494,7,0.0006741789463546,10383,10375,0.0455817705999999,0.8040481927710843
C12,bursty,noise_delay,4,0.05,0.9,,3.609042809042809,7,0.0006728828222628,10403,10395,0.0439671615999999,0.806060606060606
C13,bursty,noise_delay,0,0.05,0.9,263.0,3.5635548774673405,8,0.0007621225111936,10497,10487,0.0597492326,0.8118623057118337
C13,bursty,noise_delay,1,0.05,0.9,553.0,3.702197378565921,13,0.0012513235152565,10389,10376,0.0545425376,0.7959714726291441
C13,bursty,noise_delay,2,0.05,0.9,421.0,3.718271913788127,16,0.0015366884364195,10412,10393,0.0600423426,0.7879341864716636
C13,bursty,noise_delay,3,0.05,0.9,209.0,3.759151295039664,23,0.0021931915705158,10487,10463,0.059536758,0.7896396826913887
C13,bursty,noise_delay,4,0.05,0.9,480.0,3.6130963695115,6,0.0005698005698005,10530,10522,0.0574066586,0.8021288728378635
C8,cyclical,noise_low,0,0.2,0.9,199.0,5.190901771336554,229,0.0181013358627776,12651,12420,0.0143165776,0.7048309178743961
C8,cyclical,noise_low,1,0.2,0.9,24549.0,5.205178629957391,256,0.020542449045097,12462,12204,0.0042222165999999,0.6915765322844969
C8,cyclical,noise_low,2,0.2,0.9,236.0,5.89161520961976,208,0.0166160728550886,12518,12308,0.0276326994,0.6492525186870328
C8,cyclical,noise_low,3,0.2,0.9,1061.0,5.208457751593899,121,0.009668397922493,12515,12391,0.0273689715999999,0.6838834638043741
C8,cyclical,noise_low,4,0.2,0.9,34619.0,5.785129991090953,173,0.0138167877965018,12521,12347,0.0502815415999999,0.6692313922410302
C12,cyclical,noise_low,0,0.2,0.9,,3.0478884462151394,0,0.0,12551,12550,0.0428971365999999,0.8631872509960159
C12,cyclical,noise_low,1,0.2,0.9,,3.03271885723406,0,0.0,12531,12531,0.0418834216,0.8672093208842072
C12,cyclical,noise_low,2,0.2,0.9,,3.069894635244913,0,0.0,12434,12433,0.0433522864,0.862784525054291
C12,cyclical,noise_low,3,0.2,0.9,,3.022386263339485,0,0.0,12464,12463,0.0408009224,0.8693733451015004
C12,cyclical,noise_low,4,0.2,0.9,,3.0873129576567973,0,0.0,12567,12564,0.0431102045999999,0.8633397007322509
C13,cyclical,noise_low,0,0.2,0.9,1394.0,4.60439649578196,113,0.0090821411348657,12442,12328,0.0258877044,0.7342634652822843
C13,cyclical,noise_low,1,0.2,0.9,235.0,5.688230964259426,268,0.0214468629961587,12496,12227,0.028134028,0.6524086039093808
C13,cyclical,noise_low,2,0.2,0.9,7598.0,5.524900154861847,225,0.0180043210370488,12497,12269,0.1028001845999999,0.6336294726546581
C13,cyclical,noise_low,3,0.2,0.9,9179.0,4.570290915000813,253,0.0201449159964965,12559,12306,0.0052392613999999,0.7471964895173087
C13,cyclical,noise_low,4,0.2,0.9,1730.0,3.951392281387396,192,0.0153920153920153,12474,12282,0.0112684414,0.7963686695977854
C8,cyclical,noise_high,0,0.2,0.9,2326.0,5.786967418546366,252,0.0199667221297836,12621,12369,0.034515633,0.6525183927560838
C8,cyclical,noise_high,1,0.2,0.9,456.0,5.298836645661658,148,0.0118144807216412,12527,12378,0.0116847975999999,0.6837938277589272
C8,cyclical,noise_high,2,0.2,0.9,316.0,6.02735787052251,291,0.0233434943045082,12466,12172,0.0152090723999999,0.6396648044692738
C8,cyclical,noise_high,3,0.2,0.9,33899.0,5.825494541574325,281,0.0225413123696454,12466,12183,0.0140151889999999,0.6471312484609703
C8,cyclical,noise_high,4,0.2,0.9,5794.0,5.9794639175257736,287,0.0231209216144364,12413,12125,0.0168657106,0.6501443298969072
C12,cyclical,noise_high,0,0.2,0.9,,3.260570147341448,0,0.0,12491,12488,0.0471680434,0.8468129404228059
C12,cyclical,noise_high,1,0.2,0.9,,3.327577975811585,0,0.0,12570,12568,0.0524227714,0.8406269891788669
C12,cyclical,noise_high,2,0.2,0.9,,3.306401342603692,0,0.0,12516,12513,0.0504794034,0.8378486374170863
C12,cyclical,noise_high,3,0.2,0.9,,3.283719454141542,0,0.0,12605,12604,0.0514209484,0.8413202158045066
C12,cyclical,noise_high,4,0.2,0.9,,3.2114968331596248,0,0.0,12476,12473,0.0482572346,0.8494347791229054
C13,cyclical,noise_high,0,0.2,0.9,2238.0,5.378228631956327,201,0.0161109329913433,12476,12273,0.0709719926,0.6814959667562943
C13,cyclical,noise_high,1,0.2,0.9,199.0,4.914414009878761,1412,0.1125099601593625,12550,11135,0.0884894034,0.6771441400987877
C13,cyclical,noise_high,2,0.2,0.9,10323.0,4.512656119900083,493,0.039427383237364,12504,12010,0.0385949836,0.7417985012489592
C13,cyclical,noise_high,3,0.2,0.9,10387.0,4.844439040207523,170,0.0135934751319366,12506,12336,0.0079769269999999,0.710603112840467
C13,cyclical,noise_high,4,0.2,0.9,581.0,5.521892005023022,605,0.0482033304119193,12551,11945,0.040925828,0.6568438677270825
C8,cyclical,delay_2,0,0.2,0.9,10463.0,5.441679886449028,568,0.0452661778769525,12548,11977,0.0197721464,0.6775486348835268
C8,cyclical,delay_2,1,0.2,0.9,347.0,5.366641433257633,612,0.0489404238304678,12505,11889,0.030125096,0.6381529144587433
C8,cyclical,delay_2,2,0.2,0.9,625.0,4.755885790616129,408,0.0329404165993864,12386,11978,0.0167744536,0.7052095508432126
C8,cyclical,delay_2,3,0.2,0.9,5005.0,4.399627349319507,177,0.0141339934520482,12523,12344,0.020872244,0.7410077770576798
C8,cyclical,delay_2,4,0.2,0.9,1725.0,6.337968685620107,2814,0.2247065399664617,12523,9708,0.1390198326,0.6087762669962917
C12,cyclical,delay_2,0,0.2,0.9,,3.6510115606936417,0,0.0,12457,12456,0.0842511106,0.799534360950546
C12,cyclical,delay_2,1,0.2,0.9,,3.562429605792438,1,8.043111075363951e-05,12433,12430,0.0797156964,0.8121480289621883
C12,cyclical,delay_2,2,0.2,0.9,,3.693500679510752,0,0.0,12510,12509,0.0869235986,0.7943880406107603
C12,cyclical,delay_2,3,0.2,0.9,,3.6138256968920217,0,0.0,12484,12484,0.0809597803999999,0.8055110541493111
C12,cyclical,delay_2,4,0.2,0.9,,3.617548345852645,0,0.0,12516,12514,0.0816461906,0.8026210644078632
C13,cyclical,delay_2,0,0.2,0.9,241.0,3.7053244061852384,2,0.0001593625498007,12550,12546,0.0486723854,0.7949147138530209
C13,cyclical,delay_2,1,0.2,0.9,15518.0,3.856843462840561,0,0.0,12407,12406,0.0412020969999999,0.7797839754957279
C13,cyclical,delay_2,2,0.2,0.9,199.0,3.7707195631223898,0,0.0,12452,12452,0.0522642953999999,0.7906360424028268
C13,cyclical,delay_2,3,0.2,0.9,1724.0,3.6021266465640376,0,0.0,12602,12602,0.0668033806,0.809871448976353
C13,cyclical,delay_2,4,0.2,0.9,885.0,3.774032660284772,4,0.0003216726980297,12435,12431,0.0620176173999999,0.7870645965730835
C8,cyclical,delay_5,0,0.2,0.9,199.0,5.411962586150311,383,0.0304596787020836,12574,12188,0.0097664984,0.659172957006892
C8,cyclical,delay_5,1,0.2,0.9,344.0,7.06188143556933,2496,0.1996640268778497,12501,10003,0.4217136886,0.4946516045186444
C8,cyclical,delay_5,2,0.2,0.9,209.0,5.643549338501727,581,0.0466666666666666,12450,11867,0.0227748734,0.6429594674306901
C8,cyclical,delay_5,3,0.2,0.9,1096.0,5.776270350271337,393,0.0312997769990442,12556,12162,0.0563015769999999,0.6183193553691827
C8,cyclical,delay_5,4,0.2,0.9,625.0,5.257923320094026,218,0.0173608345942502,12557,12337,0.0255725186,0.6640998622031288
C12,cyclical,delay_5,0,0.2,0.9,,3.8601620848561895,1,7.943442688061006e-05,12589,12586,0.0664728394,0.7816621643095503
C12,cyclical,delay_5,1,0.2,0.9,,3.962603437301082,9,0.0007154213036565,12580,12568,0.0708342994,0.7652768936982813
C12,cyclical,delay_5,2,0.2,0.9,,3.9048762911362,7,0.0005601344322637,12497,12489,0.0672361025999999,0.7758027063816159
C12,cyclical,delay_5,3,0.2,0.9,,3.878585617798967,8,0.0006352231221216,12594,12585,0.0694283386,0.778943186332936
C12,cyclical,delay_5,4,0.2,0.9,,3.82946542893726,3,0.00024,12500,12496,0.0639266106,0.7810499359795134
C13,cyclical,delay_5,0,0.2,0.9,9899.0,3.926324237560193,25,0.0020024028834601,12485,12460,0.0949088426,0.7674157303370787
C13,cyclical,delay_5,1,0.2,0.9,261.0,3.9369044759388254,19,0.0015190278221937,12508,12489,0.0957165114,0.7684362238770118
C13,cyclical,delay_5,2,0.2,0.9,11898.0,3.873979183346677,23,0.0018379415055138,12514,12490,0.0790735956,0.7783026421136909
C13,cyclical,delay_5,3,0.2,0.9,1003.0,3.954702990247441,31,0.0024919614147909,12440,12407,0.0847859493999999,0.7633593938905456
C13,cyclical,delay_5,4,0.2,0.9,892.0,3.886654918295418,17,0.0013595649392194,12504,12484,0.0994526306,0.7721884011534764
C8,cyclical,delay_10,0,0.2,0.9,262.0,6.116087516087516,898,0.0715252887295898,12555,11655,0.244523368,0.5657657657657658
C8,cyclical,delay_10,1,0.2,0.9,784.0,5.826126801632925,527,0.0420557018593887,12531,12003,0.1559546174,0.6070982254436391
C8,cyclical,delay_10,2,0.2,0.9,295.0,5.966881934095049,414,0.0331359052345125,12494,12078,0.051548793,0.6121874482530221
C8,cyclical,delay_10,3,0.2,0.9,2064.0,6.116985190700753,448,0.0357370772176132,12536,12087,0.1336671514,0.5863324232646645
C8,cyclical,delay_10,4,0.2,0.9,1735.0,5.241382154049151,273,0.022016129032258,12400,12126,0.1112314683999999,0.6433283852878113
C12,cyclical,delay_10,0,0.2,0.9,,3.990740740740741,50,0.0039748787661976,12579,12528,0.0754277754,0.7642879948914432
C12,cyclical,delay_10,1,0.2,0.9,,3.986539856532602,59,0.0047324937835886,12467,12407,0.0730059679999999,0.7652937857660997
C12,cyclical,delay_10,2,0.2,0.9,,3.9963545042125728,49,0.0039538449124505,12393,12344,0.0676123626,0.7688755670771225
C12,cyclical,delay_10,3,0.2,0.9,,4.068236042627644,53,0.004196357878068,12630,12574,0.0775211253999999,0.7523461110227454
C12,cyclical,delay_10,4,0.2,0.9,,3.971121177802945,49,0.0039471564362816,12414,12362,0.069546971,0.7665426306422909
C13,cyclical,delay_10,0,0.2,0.9,1678.0,4.153265928422404,85,0.0067734480835126,12549,12462,0.088142815,0.7403306050393196
C13,cyclical,delay_10,1,0.2,0.9,10322.0,4.096923691570116,95,0.007533703409992,12610,12515,0.1021578826,0.7471833799440671
C13,cyclical,delay_10,2,0.2,0.9,234.0,4.162581371051997,86,0.0068635275339185,12530,12443,0.105909045,0.7396930000803664
C13,cyclical,delay_10,3,0.2,0.9,2177.0,4.053350474047887,80,0.0063846767757382,12530,12446,0.0859749745999999,0.7572714125020087
C13,cyclical,delay_10,4,0.2,0.9,3905.0,3.987480817381472,73,0.0058601589467769,12457,12381,0.0938426674,0.7648816735320249
C8,cyclical,noise_delay,0,0.2,0.9,1793.0,6.243516086671044,424,0.0336267745261321,12609,12184,0.0139822806,0.5993926460932371
C8,cyclical,noise_delay,1,0.2,0.9,1480.0,6.620476465254307,399,0.0318384934567507,12532,12131,0.0491576455999999,0.5818976176737285
C8,cyclical,noise_delay,2,0.2,0.9,220.0,5.499546690843155,369,0.029512916899944,12503,12133,0.0030996946,0.658369735432292
C8,cyclical,noise_delay,3,0.2,0.9,2032.0,5.448519843851659,294,0.0233518665607625,12590,12296,0.0028369564,0.6656636304489265
C8,cyclical,noise_delay,4,0.2,0.9,299.0,6.312150148172539,330,0.0264380708219836,12482,12148,0.0879176504,0.5828119855120184
C12,cyclical,noise_delay,0,0.2,0.9,,3.8520672349239216,13,0.0010344553194875,12567,12553,0.0642862904,0.7827610929658249
C12,cyclical,noise_delay,1,0.2,0.9,,3.9675706123762775,19,0.0015262270061852,12449,12427,0.0698200154,0.7689707894101553
C12,cyclical,noise_delay,2,0.2,0.9,,3.9380360721442886,14,0.0011208967173738,12490,12475,0.0687399726,0.772184368737475
C12,cyclical,noise_delay,3,0.2,0.9,,3.8685303514377,10,0.0007978299026647,12534,12520,0.0679314794,0.7772364217252397
C12,cyclical,noise_delay,4,0.2,0.9,,3.884741690028034,17,0.0013595649392194,12504,12485,0.0674809526,0.776131357629155
C13,cyclical,noise_delay,0,0.2,0.9,16828.0,3.9144111776447104,31,0.0024689391525963,12556,12525,0.0933150056,0.7663872255489022
C13,cyclical,noise_delay,1,0.2,0.9,333.0,4.044723008491711,34,0.0027419354838709,12400,12365,0.0817133709999999,0.7577031945006065
C13,cyclical,noise_delay,2,0.2,0.9,250.0,3.875130742618071,28,0.0022473713781202,12459,12429,0.0877001814,0.773674470995253
C13,cyclical,noise_delay,3,0.2,0.9,11227.0,3.991046446558478,30,0.0023923444976076,12540,12509,0.0940920585999999,0.7624910064753377
C13,cyclical,noise_delay,4,0.2,0.9,584.0,4.0084310261763285,34,0.0027223957082232,12489,12454,0.0966428026,0.7559820138108239
